Empresa,No. Contrato,,folio,Solicitud Atendida,fechaRealizado,calle,Entre Calle 1,Calle 2,colonia,delegacion,GEOLOCALIZACION,Tipo,profundidad,largo,ancho,m2total,latitude,longitude,tipo,VALIDATION_STATUS,ERRORS
JDJ,6,,060065,,14/4/2026,ISABEL LA CATOLICA,JUAN ALVAREZ,GOMEZ FARIAS,SAN SEBASTIAN,SAN SEBASTIAN,"19.28433,-99.64286",SUPERFICIAL,0.07,1.29,0.93,1.20,19.28433,-99.64286,SUPERFICIAL,GREEN,
JDJ,6,,060066,,14/4/2026,ISABEL LA CATOLICA,JUAN ALVAREZ,GOMEZ FARIAS,SAN SEBASTIAN,SAN SEBASTIAN,"19.28433,-99.64287",SUPERFICIAL,0.07,1.56,1.12,1.75,19.28433,-99.64287,SUPERFICIAL,GREEN,
JDJ,6,,060067,,14/4/2026,ISABEL LA CATOLICA,JUAN ALVAREZ,GOMEZ FARIAS,SAN SEBASTIAN,SAN SEBASTIAN,"19.28441,-99.64291",SUPERFICIAL,0.07,1.37,1.42,1.95,19.28441,-99.64291,SUPERFICIAL,GREEN,
JDJ,6,,060068,,14/4/2026,ISABEL LA CATOLICA,JUAN ALVAREZ,GOMEZ FARIAS,SAN SEBASTIAN,SAN SEBASTIAN,"19.28447,-99.64293",SUPERFICIAL,0.07,1.10,1.03,1.13,19.28447,-99.64293,SUPERFICIAL,GREEN,
JDJ,6,,060069,,14/4/2026,ISABEL LA CATOLICA,JUAN ALVAREZ,GOMEZ FARIAS,SAN SEBASTIAN,SAN SEBASTIAN,"19.28454,-99.64291",SUPERFICIAL,0.07,1.50,1.05,1.58,19.28454,-99.64291,SUPERFICIAL,GREEN,
JDJ,6,,060070,,14/4/2026,ISABEL LA CATOLICA,JUAN ALVAREZ,GOMEZ FARIAS,SAN SEBASTIAN,SAN SEBASTIAN,"19.28457,-99.64290",SUPERFICIAL,0.07,1.33,0.83,1.10,19.28457,-99.64290,SUPERFICIAL,GREEN,
JDJ,6,,060071,,14/4/2026,ISABEL LA CATOLICA,JUAN ALVAREZ,GOMEZ FARIAS,SAN SEBASTIAN,SAN SEBASTIAN,"19.28464,-99.69286",SUPERFICIAL,0.07,1.25,0.93,1.16,19.28464,-99.69286,SUPERFICIAL,GREEN,
JDJ,6,,060072,,14/4/2026,ISABEL LA CATOLICA,JUAN ALVAREZ,GOMEZ FARIAS,SAN SEBASTIAN,SAN SEBASTIAN,"19.28468,-99.69287",SUPERFICIAL,0.07,1.00,0.83,0.83,19.28468,-99.69287,SUPERFICIAL,GREEN,
JDJ,6,,060073,,14/4/2026,ISABEL LA CATOLICA,JUAN ALVAREZ,GOMEZ FARIAS,SAN SEBASTIAN,SAN SEBASTIAN,"19.28484,-99.69288",SUPERFICIAL,0.07,1.19,0.77,0.92,19.28484,-99.69288,SUPERFICIAL,GREEN,
JDJ,6,,060074,,14/4/2026,ISABEL LA CATOLICA,JUAN ALVAREZ,GOMEZ FARIAS,SAN SEBASTIAN,SAN SEBASTIAN,"19.28484,-99.64288",SUPERFICIAL,0.07,1.67,0.83,1.39,19.28484,-99.64288,SUPERFICIAL,GREEN,
JDJ,6,,060075,,14/4/2026,ISABEL LA CATOLICA,JUAN ALVAREZ,GOMEZ FARIAS,SAN SEBASTIAN,SAN SEBASTIAN,"19.28494,-99.64291",SUPERFICIAL,0.07,0.98,0.46,0.45,19.28494,-99.64291,SUPERFICIAL,GREEN,
JDJ,6,,060076,,14/4/2026,ISABEL LA CATOLICA,JUAN ALVAREZ,GOMEZ FARIAS,SAN SEBASTIAN,SAN SEBASTIAN,"19.28493,-99.64291",SUPERFICIAL,0.07,1.83,1.10,2.01,19.28493,-99.64291,SUPERFICIAL,GREEN,
JDJ,6,,060077,,14/4/2026,ISABEL LA CATOLICA,JUAN ALVAREZ,GOMEZ FARIAS,SAN SEBASTIAN,SAN SEBASTIAN,"19.28493,-99.64291",SUPERFICIAL,0.07,1.13,0.71,0.80,19.28493,-99.64291,SUPERFICIAL,GREEN,
JDJ,6,,060078,,14/4/2026,ISABEL LA CATOLICA,JUAN ALVAREZ,GOMEZ FARIAS,SAN SEBASTIAN,SAN SEBASTIAN,"19.28495,-99.64291",SUPERFICIAL,0.07,0.93,0.91,0.85,19.28495,-99.64291,SUPERFICIAL,GREEN,
JDJ,6,,060079,,14/4/2026,ISABEL LA CATOLICA,JUAN ALVAREZ,GOMEZ FARIAS,SAN SEBASTIAN,SAN SEBASTIAN,"19.28495,-99.64290",SUPERFICIAL,0.07,0.56,0.52,0.29,19.28495,-99.64290,SUPERFICIAL,GREEN,
JDJ,6,,060080,,14/4/2026,ISABEL LA CATOLICA,JUAN ALVAREZ,GOMEZ FARIAS,SAN SEBASTIAN,SAN SEBASTIAN,"19.28495,-99.64287",SUPERFICIAL,0.07,1.86,1.30,2.42,19.28495,-99.64287,SUPERFICIAL,GREEN,
JDJ,6,,060081,,14/4/2026,ISABEL LA CATOLICA,JUAN ALVAREZ,GOMEZ FARIAS,SAN SEBASTIAN,SAN SEBASTIAN,"19.28502,-99.64291",SUPERFICIAL,0.07,1.46,0.68,0.99,19.28502,-99.64291,SUPERFICIAL,GREEN,
JDJ,6,,060082,,14/4/2026,ISABEL LA CATOLICA,JUAN ALVAREZ,GOMEZ FARIAS,SAN SEBASTIAN,SAN SEBASTIAN,"19.28503,-99.64290",SUPERFICIAL,0.07,3.70,1.56,5.77,19.28503,-99.64290,SUPERFICIAL,GREEN,
JDJ,6,,060083,,14/4/2026,ISABEL LA CATOLICA,JUAN ALVAREZ,GOMEZ FARIAS,SAN SEBASTIAN,SAN SEBASTIAN,"19.28513,-99.64285",SUPERFICIAL,0.07,2.08,1.20,2.50,19.28513,-99.64285,SUPERFICIAL,GREEN,
JDJ,6,,060084,,14/4/2026,ISABEL LA CATOLICA,JUAN ALVAREZ,GOMEZ FARIAS,SAN SEBASTIAN,SAN SEBASTIAN,"19.28526,-99.64288",SUPERFICIAL,0.07,2.19,1.78,3.90,19.28526,-99.64288,SUPERFICIAL,GREEN,
JDJ,6,,060085,,14/4/2026,ISABEL LA CATOLICA,JUAN ALVAREZ,GOMEZ FARIAS,SAN SEBASTIAN,SAN SEBASTIAN,"19.28527,-99.64289",SUPERFICIAL,0.07,1.19,0.71,0.84,19.28527,-99.64289,SUPERFICIAL,GREEN,
JDJ,6,,060086,,14/4/2026,ISABEL LA CATOLICA,JUAN ALVAREZ,GOMEZ FARIAS,SAN SEBASTIAN,SAN SEBASTIAN,"19.28531,-99.64292",SUPERFICIAL,0.07,2.70,1.61,4.35,19.28531,-99.64292,SUPERFICIAL,GREEN,
JDJ,6,,060087,,14/4/2026,ISABEL LA CATOLICA,JUAN ALVAREZ,GOMEZ FARIAS,SAN SEBASTIAN,SAN SEBASTIAN,"19.28537,-99.64292",SUPERFICIAL,0.07,2.51,0.83,2.08,19.28537,-99.64292,SUPERFICIAL,GREEN,
JDJ,6,,060088,,15/4/2026,ISABEL LA CATOLICA,JUAN ALVAREZ,GOMEZ FARIAS,SAN SEBASTIAN,SAN SEBASTIAN,"19.28538,-99.64293",SUPERFICIAL,0.07,0.72,0.54,0.39,19.28538,-99.64293,SUPERFICIAL,GREEN,
JDJ,6,,060089,,15/4/2026,ISABEL LA CATOLICA,JUAN ALVAREZ,GOMEZ FARIAS,SAN SEBASTIAN,SAN SEBASTIAN,"19.28538,-99.64293",SUPERFICIAL,0.07,1.64,1.17,1.92,19.28538,-99.64293,SUPERFICIAL,GREEN,
JDJ,6,,060090,,15/4/2026,ISABEL LA CATOLICA,JUAN ALVAREZ,GOMEZ FARIAS,SAN SEBASTIAN,SAN SEBASTIAN,"19.28541,-99.64293",SUPERFICIAL,0.07,1.40,0.72,1.01,19.28541,-99.64293,SUPERFICIAL,GREEN,
JDJ,6,,060091,,15/4/2026,ISABEL LA CATOLICA,JUAN ALVAREZ,GOMEZ FARIAS,SAN SEBASTIAN,SAN SEBASTIAN,"19.28543,-99.64293",SUPERFICIAL,0.07,3.55,1.22,4.33,19.28543,-99.64293,SUPERFICIAL,GREEN,
JDJ,6,,060092,,15/4/2026,ISABEL LA CATOLICA,JUAN ALVAREZ,GOMEZ FARIAS,SAN SEBASTIAN,SAN SEBASTIAN,"19.28546,-99.64291",SUPERFICIAL,0.07,1.70,1.19,2.02,19.28546,-99.64291,SUPERFICIAL,GREEN,
JDJ,6,,060093,,15/4/2026,ISABEL LA CATOLICA,JUAN ALVAREZ,GOMEZ FARIAS,SAN SEBASTIAN,SAN SEBASTIAN,"19.28548,-99.64291",SUPERFICIAL,0.07,1.59,0.92,1.46,19.28548,-99.64291,SUPERFICIAL,GREEN,
JDJ,6,,060094,,15/4/2026,ISABEL LA CATOLICA,JUAN ALVAREZ,GOMEZ FARIAS,SAN SEBASTIAN,SAN SEBASTIAN,"19.28552,-99.64291",SUPERFICIAL,0.07,1.30,0.96,1.25,19.28552,-99.64291,SUPERFICIAL,GREEN,
JDJ,6,,060095,,15/4/2026,ISABEL LA CATOLICA,JUAN ALVAREZ,GOMEZ FARIAS,SAN SEBASTIAN,SAN SEBASTIAN,"19.28555,-99.64293",SUPERFICIAL,0.07,1.30,1.18,1.53,19.28555,-99.64293,SUPERFICIAL,GREEN,
JDJ,6,,060096,,15/4/2026,ISABEL LA CATOLICA,JUAN ALVAREZ,GOMEZ FARIAS,SAN SEBASTIAN,SAN SEBASTIAN,"19.28568,-99.64295",SUPERFICIAL,0.07,1.55,1.44,2.23,19.28568,-99.64295,SUPERFICIAL,GREEN,
JDJ,6,,060097,,15/4/2026,ISABEL LA CATOLICA,JUAN ALVAREZ,GOMEZ FARIAS,SAN SEBASTIAN,SAN SEBASTIAN,"19.28589,-99.64291",SUPERFICIAL,0.07,1.85,1.83,3.39,19.28589,-99.64291,SUPERFICIAL,GREEN,
JDJ,6,,060098,,15/4/2026,ISABEL LA CATOLICA,JUAN ALVAREZ,GOMEZ FARIAS,SAN SEBASTIAN,SAN SEBASTIAN,"19.28599,-99.64294",SUPERFICIAL,0.07,1.29,1.19,1.54,19.28599,-99.64294,SUPERFICIAL,GREEN,
JDJ,6,,060099,,15/4/2026,ISABEL LA CATOLICA,JUAN ALVAREZ,GOMEZ FARIAS,SAN SEBASTIAN,SAN SEBASTIAN,"19.28600,-99.64292",SUPERFICIAL,0.07,0.92,0.89,0.82,19.28600,-99.64292,SUPERFICIAL,GREEN,
JDJ,6,,060100,,15/4/2026,ISABEL LA CATOLICA,JUAN ALVAREZ,GOMEZ FARIAS,SAN SEBASTIAN,SAN SEBASTIAN,"19.28603,-99.64293",SUPERFICIAL,0.07,1.84,1.72,3.16,19.28603,-99.64293,SUPERFICIAL,GREEN,
JDJ,6,,060101,,15/4/2026,ISABEL LA CATOLICA,JUAN ALVAREZ,GOMEZ FARIAS,SAN SEBASTIAN,SAN SEBASTIAN,"19.28604,-99.64293",SUPERFICIAL,0.07,1.56,1.05,1.64,19.28604,-99.64293,SUPERFICIAL,GREEN,
JDJ,6,,060102,,15/4/2026,ISABEL LA CATOLICA,JUAN ALVAREZ,GOMEZ FARIAS,SAN SEBASTIAN,SAN SEBASTIAN,"19.28629,-99.64299",SUPERFICIAL,0.07,1.23,1.22,1.50,19.28629,-99.64299,SUPERFICIAL,GREEN,
JDJ,6,,060103,,15/4/2026,ISABEL LA CATOLICA,IGNACIO PEREZ,GOMEZ FARIAS,SAN SEBASTIAN,SAN SEBASTIAN,"19.28640,-99.64293",SUPERFICIAL,0.07,1.52,1.05,1.60,19.28640,-99.64293,SUPERFICIAL,GREEN,
JDJ,6,,060104,,15/4/2026,ISABEL LA CATOLICA,IGNACIO PEREZ,GOMEZ FARIAS,SAN SEBASTIAN,SAN SEBASTIAN,"19.28641,-99.64291",SUPERFICIAL,0.07,1.01,0.89,0.90,19.28641,-99.64291,SUPERFICIAL,GREEN,
JDJ,6,,060105,,15/4/2026,ISABEL LA CATOLICA,IGNACIO PEREZ,GOMEZ FARIAS,SAN SEBASTIAN,SAN SEBASTIAN,"19.28640,-99.64291",SUPERFICIAL,0.07,2.41,0.80,1.93,19.28640,-99.64291,SUPERFICIAL,GREEN,
JDJ,6,,060106,,15/4/2026,ISABEL LA CATOLICA,IGNACIO PEREZ,GOMEZ FARIAS,SAN SEBASTIAN,SAN SEBASTIAN,"19.28664,-99.64293",SUPERFICIAL,0.07,1.27,0.91,1.16,19.28664,-99.64293,SUPERFICIAL,GREEN,
JDJ,6,,060107,,15/4/2026,ISABEL LA CATOLICA,IGNACIO PEREZ,GOMEZ FARIAS,SAN SEBASTIAN,SAN SEBASTIAN,"19.28664,-99.64293",SUPERFICIAL,0.07,1.63,0.64,1.04,19.28664,-99.64293,SUPERFICIAL,GREEN,
JDJ,6,,060108,,15/4/2026,ISABEL LA CATOLICA,IGNACIO PEREZ,GOMEZ FARIAS,SAN SEBASTIAN,SAN SEBASTIAN,"19.28666,-99.64293",SUPERFICIAL,0.07,1.15,1.10,1.27,19.28666,-99.64293,SUPERFICIAL,GREEN,
JDJ,6,,060109,,15/4/2026,ISABEL LA CATOLICA,IGNACIO PEREZ,GOMEZ FARIAS,SAN SEBASTIAN,SAN SEBASTIAN,"19.28670,-99.64291",SUPERFICIAL,0.07,1.10,0.92,1.01,19.28670,-99.64291,SUPERFICIAL,GREEN,
JDJ,6,,060110,,15/4/2026,NEZAHUALCOYOTL,ISABEL LA CATOLICA,ISIDRO FABELA,SAN SEBASTIAN,SAN SEBASTIAN,"19.28513,-99.64285",SUPERFICIAL,0.07,1.82,0.81,1.47,19.28513,-99.64285,SUPERFICIAL,GREEN,
JDJ,6,,060111,,16/4/2026,NEZAHUALCOYOTL,ISABEL LA CATOLICA,ISIDRO FABELA,SAN SEBASTIAN,SAN SEBASTIAN,"19.28513,-99.64285",SUPERFICIAL,0.07,2.52,0.96,2.42,19.28513,-99.64285,SUPERFICIAL,GREEN,
JDJ,6,,060112,,16/4/2026,NEZAHUALCOYOTL,ISABEL LA CATOLICA,ISIDRO FABELA,SAN SEBASTIAN,SAN SEBASTIAN,"19.28515,-99.64280",SUPERFICIAL,0.07,1.45,0.70,1.02,19.28515,-99.64280,SUPERFICIAL,GREEN,
JDJ,6,,060113,,16/4/2026,NEZAHUALCOYOTL,ISABEL LA CATOLICA,ISIDRO FABELA,SAN SEBASTIAN,SAN SEBASTIAN,"19.28503,-99.64275",SUPERFICIAL,0.07,3.43,1.43,4.90,19.28503,-99.64275,SUPERFICIAL,GREEN,
JDJ,6,,060114,,16/4/2026,NEZAHUALCOYOTL,ISABEL LA CATOLICA,ISIDRO FABELA,SAN SEBASTIAN,SAN SEBASTIAN,"19.28504,-99.64260",SUPERFICIAL,0.07,4.65,1.55,7.21,19.28504,-99.64260,SUPERFICIAL,GREEN,
JDJ,6,,060115,,16/4/2026,NEZAHUALCOYOTL,ISABEL LA CATOLICA,ISIDRO FABELA,SAN SEBASTIAN,SAN SEBASTIAN,"19.28505,-99.64259",SUPERFICIAL,0.07,1.77,1.32,2.34,19.28505,-99.64259,SUPERFICIAL,GREEN,
JDJ,6,,060116,,16/4/2026,NEZAHUALCOYOTL,ISABEL LA CATOLICA,ISIDRO FABELA,SAN SEBASTIAN,SAN SEBASTIAN,"19.28505,-99.64259",SUPERFICIAL,0.07,1.52,1.16,1.76,19.28505,-99.64259,SUPERFICIAL,GREEN,
JDJ,6,,060117,,16/4/2026,NEZAHUALCOYOTL,ISABEL LA CATOLICA,ISIDRO FABELA,SAN SEBASTIAN,SAN SEBASTIAN,"19.28505,-99.64240",SUPERFICIAL,0.07,1.50,1.35,2.03,19.28505,-99.64240,SUPERFICIAL,GREEN,
JDJ,6,,060118,,16/4/2026,NEZAHUALCOYOTL,ISABEL LA CATOLICA,ISIDRO FABELA,SAN SEBASTIAN,SAN SEBASTIAN,"19.28498,-99.64238",SUPERFICIAL,0.07,1.52,1.02,1.55,19.28498,-99.64238,SUPERFICIAL,GREEN,
JDJ,6,,060119,,16/4/2026,NEZAHUALCOYOTL,ISABEL LA CATOLICA,ISIDRO FABELA,SAN SEBASTIAN,SAN SEBASTIAN,"19.28490,-99.64221",SUPERFICIAL,0.07,1.14,1.11,1.27,19.28490,-99.64221,SUPERFICIAL,GREEN,
JDJ,6,,060120,,16/4/2026,NEZAHUALCOYOTL,ISABEL LA CATOLICA,ISIDRO FABELA,SAN SEBASTIAN,SAN SEBASTIAN,"19.28481,-99.64200",SUPERFICIAL,0.07,1.78,1.72,3.06,19.28481,-99.64200,SUPERFICIAL,GREEN,
JDJ,6,,060121,,16/4/2026,NEZAHUALCOYOTL,ISABEL LA CATOLICA,ISIDRO FABELA,SAN SEBASTIAN,SAN SEBASTIAN,"19.28476,-99.64191",SUPERFICIAL,0.07,3.90,1.47,5.73,19.28476,-99.64191,SUPERFICIAL,GREEN,
JDJ,6,,060122,,16/4/2026,NEZAHUALCOYOTL,ISABEL LA CATOLICA,ISIDRO FABELA,SAN SEBASTIAN,SAN SEBASTIAN,"19.28477,-99.64185",SUPERFICIAL,0.07,2.06,1.81,3.73,19.28477,-99.64185,SUPERFICIAL,GREEN,
JDJ,6,,060123,,16/4/2026,NEZAHUALCOYOTL,ISABEL LA CATOLICA,ISIDRO FABELA,SAN SEBASTIAN,SAN SEBASTIAN,"19.28480,-99.64188",SUPERFICIAL,0.07,2.02,1.61,3.25,19.28480,-99.64188,SUPERFICIAL,GREEN,
JDJ,6,,060124,,16/4/2026,NEZAHUALCOYOTL,ISABEL LA CATOLICA,ISIDRO FABELA,SAN SEBASTIAN,SAN SEBASTIAN,"19.28492,-99.64221",SUPERFICIAL,0.07,2.00,1.98,3.96,19.28492,-99.64221,SUPERFICIAL,GREEN,
JDJ,6,,060125,,16/4/2026,NEZAHUALCOYOTL,ISABEL LA CATOLICA,ISIDRO FABELA,SAN SEBASTIAN,SAN SEBASTIAN,"19.28505,-99.64258",SUPERFICIAL,0.07,2.00,1.42,2.84,19.28505,-99.64258,SUPERFICIAL,GREEN,
JDJ,6,,060126,,16/4/2026,NEZAHUALCOYOTL,ISABEL LA CATOLICA,ISIDRO FABELA,SAN SEBASTIAN,SAN SEBASTIAN,"19.28503,-99.64246",SUPERFICIAL,0.07,3.37,1.61,5.43,19.28503,-99.64246,SUPERFICIAL,GREEN,
JDJ,6,,060127,,16/4/2026,NEZAHUALCOYOTL,ISABEL LA CATOLICA,ISIDRO FABELA,SAN SEBASTIAN,SAN SEBASTIAN,"19.28505,-99.64252",SUPERFICIAL,0.07,3.65,2.13,7.77,19.28505,-99.64252,SUPERFICIAL,GREEN,
JDJ,6,,060128,,16/4/2026,NEZAHUALCOYOTL,ISABEL LA CATOLICA,ISIDRO FABELA,SAN SEBASTIAN,SAN SEBASTIAN,"19.28507,-99.64255",SUPERFICIAL,0.07,2.56,1.88,4.81,19.28507,-99.64255,SUPERFICIAL,GREEN,
JDJ,6,,060129,,16/4/2026,NEZAHUALCOYOTL,ISABEL LA CATOLICA,ISIDRO FABELA,SAN SEBASTIAN,SAN SEBASTIAN,"19.28507,-99.64261",SUPERFICIAL,0.07,2.27,1.72,3.90,19.28507,-99.64261,SUPERFICIAL,GREEN,
JDJ,6,,060130,,16/4/2026,NEZAHUALCOYOTL,ISABEL LA CATOLICA,ISIDRO FABELA,SAN SEBASTIAN,SAN SEBASTIAN,"19.28507,-99.64263",SUPERFICIAL,0.07,1.60,1.55,2.48,19.28507,-99.64263,SUPERFICIAL,GREEN,
JDJ,6,,060131,,16/4/2026,NEZAHUALCOYOTL,ISABEL LA CATOLICA,ISIDRO FABELA,SAN SEBASTIAN,SAN SEBASTIAN,"19.28516,-99.64285",SUPERFICIAL,0.07,1.72,1.29,2.22,19.28516,-99.64285,SUPERFICIAL,GREEN,
JDJ,6,,060132,,16/4/2026,NEZAHUALCOYOTL,ISABEL LA CATOLICA,ISIDRO FABELA,SAN SEBASTIAN,SAN SEBASTIAN,"19.28516,-99.64285",SUPERFICIAL,0.07,1.77,1.46,2.58,19.28516,-99.64285,SUPERFICIAL,GREEN,
JDJ,6,,060133,,16/4/2026,NEZAHUALCOYOTL,ISABEL LA CATOLICA,ISIDRO FABELA,SAN SEBASTIAN,SAN SEBASTIAN,"19.28513,-99.64294",SUPERFICIAL,0.07,1.67,0.98,1.64,19.28513,-99.64294,SUPERFICIAL,GREEN,
JDJ,6,,060134,,17/4/2026,NEZAHUALCOYOTL,ISABEL LA CATOLICA,ISIDRO FABELA,SAN SEBASTIAN,SAN SEBASTIAN,"19.28513,-99.64294",SUPERFICIAL,0.07,2.41,1.19,2.87,19.28513,-99.64294,SUPERFICIAL,GREEN,
JDJ,6,,060135,,17/4/2026,NEZAHUALCOYOTL,ISABEL LA CATOLICA,ISIDRO FABELA,SAN SEBASTIAN,SAN SEBASTIAN,"19.28514,-99.64294",SUPERFICIAL,0.07,2.00,1.18,2.36,19.28514,-99.64294,SUPERFICIAL,GREEN,
JDJ,6,,060136,,17/4/2026,NEZAHUALCOYOTL,ISABEL LA CATOLICA,ISIDRO FABELA,SAN SEBASTIAN,SAN SEBASTIAN,"19.28513,-99.64294",SUPERFICIAL,0.07,1.30,1.01,1.31,19.28513,-99.64294,SUPERFICIAL,GREEN,
JDJ,6,,060137,,17/4/2026,ISABEL LA CATOLICA,NEZAHUALCOYOTL,IGNACIO PEREZ,SAN SEBASTIAN,SAN SEBASTIAN,"19.28628,-99.64295",SUPERFICIAL,0.07,1.18,1.01,1.19,19.28628,-99.64295,SUPERFICIAL,GREEN,
JDJ,6,,060138,,17/4/2026,ISABEL LA CATOLICA,NEZAHUALCOYOTL,IGNACIO PEREZ,SAN SEBASTIAN,SAN SEBASTIAN,"19.28685,-99.64298",SUPERFICIAL,0.07,1.60,1.10,1.76,19.28685,-99.64298,SUPERFICIAL,GREEN,
JDJ,6,,060139,,17/4/2026,ISABEL LA CATOLICA,NEZAHUALCOYOTL,IGNACIO PEREZ,SAN SEBASTIAN,SAN SEBASTIAN,"19.28679,-99.64298",SUPERFICIAL,0.07,1.25,0.88,1.10,19.28679,-99.64298,SUPERFICIAL,GREEN,
JDJ,6,,060140,,17/4/2026,ISABEL LA CATOLICA,NEZAHUALCOYOTL,IGNACIO PEREZ,SAN SEBASTIAN,SAN SEBASTIAN,"19.28695,-99.64294",SUPERFICIAL,0.07,1.35,1.00,1.35,19.28695,-99.64294,SUPERFICIAL,GREEN,
JDJ,6,,060141,,17/4/2026,ISABEL LA CATOLICA,NEZAHUALCOYOTL,IGNACIO PEREZ,SAN SEBASTIAN,SAN SEBASTIAN,"19.28694,-99.64292",SUPERFICIAL,0.07,1.73,1.32,2.28,19.28694,-99.64292,SUPERFICIAL,GREEN,
JDJ,6,,060142,,17/4/2026,IGNACIO PEREZ,ISABEL LA CATOLICA,IGNACIO PEREZ,SAN SEBASTIAN,SAN SEBASTIAN,"19.28696,-99.64311",SUPERFICIAL,0.07,1.78,0.89,1.58,19.28696,-99.64311,SUPERFICIAL,GREEN,
JDJ,6,,060143,,17/4/2026,IGNACIO PEREZ,ISABEL LA CATOLICA,IGNACIO PEREZ,SAN SEBASTIAN,SAN SEBASTIAN,"19.28697,-99.64323",SUPERFICIAL,0.07,2.58,0.79,2.04,19.28697,-99.64323,SUPERFICIAL,GREEN,
JDJ,6,,060144,,17/4/2026,ISABEL LA CATOLICA,IGNACIO PEREZ,MELERO Y PIÑA,SAN SEBASTIAN,SAN SEBASTIAN,"19.28703,-99.64294",SUPERFICIAL,0.07,1.63,1.14,1.86,19.28703,-99.64294,SUPERFICIAL,GREEN,
JDJ,6,,060145,,17/4/2026,ISABEL LA CATOLICA,IGNACIO PEREZ,MELERO Y PIÑA,SAN SEBASTIAN,SAN SEBASTIAN,"19.28705,-99.64293",SUPERFICIAL,0.07,1.75,1.42,2.49,19.28705,-99.64293,SUPERFICIAL,GREEN,
JDJ,6,,060146,,17/4/2026,ISABEL LA CATOLICA,IGNACIO PEREZ,MELERO Y PIÑA,SAN SEBASTIAN,SAN SEBASTIAN,"19.28734,-99.64297",SUPERFICIAL,0.07,1.49,1.25,1.86,19.28734,-99.64297,SUPERFICIAL,GREEN,
JDJ,6,,060147,,17/4/2026,ISABEL LA CATOLICA,MELERO Y PIÑA,AV.MORELOS,SAN SEBASTIAN,SAN SEBASTIAN,"19.28751,-99.64299",SUPERFICIAL,0.07,2.35,0.98,2.30,19.28751,-99.64299,SUPERFICIAL,GREEN,
JDJ,6,,060148,,17/4/2026,ISABEL LA CATOLICA,MELERO Y PIÑA,AV.MORELOS,SAN SEBASTIAN,SAN SEBASTIAN,"19.28759,-99.64294",SUPERFICIAL,0.07,0.98,0.90,0.88,19.28759,-99.64294,SUPERFICIAL,GREEN,
JDJ,6,,060149,,17/4/2026,ISABEL LA CATOLICA,MELERO Y PIÑA,AV.MORELOS,SAN SEBASTIAN,SAN SEBASTIAN,"19.28758,-99.64293",SUPERFICIAL,0.07,1.35,1.34,1.81,19.28758,-99.64293,SUPERFICIAL,GREEN,
JDJ,6,,060151,,17/4/2026,ISABEL LA CATOLICA,MELERO Y PIÑA,AV.MORELOS,SAN SEBASTIAN,SAN SEBASTIAN,"19.28776,-99.64298",SUPERFICIAL,0.07,3.53,2.07,7.31,19.28776,-99.64298,SUPERFICIAL,GREEN,
JDJ,6,,060152,,17/4/2026,ISABEL LA CATOLICA,MELERO Y PIÑA,AV.MORELOS,SAN SEBASTIAN,SAN SEBASTIAN,"19.28796,-99.64297",SUPERFICIAL,0.07,1.41,1.21,1.71,19.28796,-99.64297,SUPERFICIAL,GREEN,
JDJ,6,,060153,,17/4/2026,ISABEL LA CATOLICA,MELERO Y PIÑA,AV.MORELOS,SAN SEBASTIAN,SAN SEBASTIAN,"19.28796,-99.64299",SUPERFICIAL,0.07,5.30,1.57,8.32,19.28796,-99.64299,SUPERFICIAL,GREEN,
JDJ,6,,060154,,17/4/2026,ISABEL LA CATOLICA,MELERO Y PIÑA,AV.MORELOS,SAN SEBASTIAN,SAN SEBASTIAN,"19.28812,-99.64299",SUPERFICIAL,0.07,0.96,0.85,0.82,19.28812,-99.64299,SUPERFICIAL,GREEN,
JDJ,6,,060155,,17/4/2026,ISABEL LA CATOLICA,MELERO Y PIÑA,AV.MORELOS,SAN SEBASTIAN,SAN SEBASTIAN,"19.28811,-99.64298",SUPERFICIAL,0.07,1.26,1.15,1.45,19.28811,-99.64298,SUPERFICIAL,GREEN,
JDJ,6,,060156,,17/4/2026,ISABEL LA CATOLICA,MELERO Y PIÑA,AV.MORELOS,SAN SEBASTIAN,SAN SEBASTIAN,"19.28811,-99.64299",SUPERFICIAL,0.07,1.54,0.50,0.77,19.28811,-99.64299,SUPERFICIAL,GREEN,
JDJ,6,,060157,,20/4/2026,ISABEL LA CATOLICA,MELERO Y PIÑA,AV.MORELOS,SAN SEBASTIAN,SAN SEBASTIAN,"19.28811,-99.64299",SUPERFICIAL,0.07,1.16,0.91,1.06,19.28811,-99.64299,SUPERFICIAL,GREEN,
JDJ,6,,060158,,20/4/2026,MELERO Y PINA,ISABEL LA CATOLICA,GONZALEZ ARRATIA,SAN SEBASTIAN,SAN SEBASTIAN,"19.28755,-99.64328",SUPERFICIAL,0.07,1.78,1.55,2.76,19.28755,-99.64328,SUPERFICIAL,GREEN,
JDJ,6,,060159,,20/4/2026,MELERO Y PINA,ISABEL LA CATOLICA,GONZALEZ ARRATIA,SAN SEBASTIAN,SAN SEBASTIAN,"19.28753,-99.64357",SUPERFICIAL,0.07,1.51,1.09,1.65,19.28753,-99.64357,SUPERFICIAL,GREEN,
JDJ,6,,060160,,20/4/2026,MELERO Y PINA,ISABEL LA CATOLICA,GONZALEZ ARRATIA,SAN SEBASTIAN,SAN SEBASTIAN,"19.28749,-99.64354",SUPERFICIAL,0.07,1.31,1.25,1.64,19.28749,-99.64354,SUPERFICIAL,GREEN,
JDJ,6,,060161,,20/4/2026,MELERO Y PINA,ISABEL LA CATOLICA,GONZALEZ ARRATIA,SAN SEBASTIAN,SAN SEBASTIAN,"19.28749,-99.64354",SUPERFICIAL,0.07,1.10,0.86,0.95,19.28749,-99.64354,SUPERFICIAL,GREEN,
JDJ,6,,060162,,20/4/2026,IGNACIO PEREZ,ISABEL LA CATOLICA,ISIDRO FABELA,SAN SEBASTIAN,SAN SEBASTIAN,"19.28693,-99.64258",SUPERFICIAL,0.07,1.97,0.95,1.87,19.28693,-99.64258,SUPERFICIAL,GREEN,
JDJ,6,,060163,,20/4/2026,IGNACIO PEREZ,ISABEL LA CATOLICA,ISIDRO FABELA,SAN SEBASTIAN,SAN SEBASTIAN,"19.28692,-99.64259",SUPERFICIAL,0.07,0.94,0.62,0.58,19.28692,-99.64259,SUPERFICIAL,GREEN,
JDJ,6,,060164,,20/4/2026,IGNACIO PEREZ,ISABEL LA CATOLICA,ISIDRO FABELA,SAN SEBASTIAN,SAN SEBASTIAN,"19.28694,-99.64197",SUPERFICIAL,0.07,3.01,2.36,7.10,19.28694,-99.64197,SUPERFICIAL,GREEN,
JDJ,6,,060165,,20/4/2026,FERNANDO MORENO,IGNACIO PEREZ,MELERO Y PIÑA,SAN SEBASTIAN,SAN SEBASTIAN,"19.28708,-99.64056",SUPERFICIAL,0.07,1.25,1.22,1.53,19.28708,-99.64056,SUPERFICIAL,GREEN,
JDJ,6,,060166,,20/4/2026,FERNANDO MORENO,IGNACIO PEREZ,MELERO Y PIÑA,SAN SEBASTIAN,SAN SEBASTIAN,"19.28709,-99.64057",SUPERFICIAL,0.07,1.24,1.18,1.46,19.28709,-99.64057,SUPERFICIAL,GREEN,
JDJ,6,,060167,,20/4/2026,FERNANDO MORENO,IGNACIO PEREZ,MELERO Y PIÑA,SAN SEBASTIAN,SAN SEBASTIAN,"19.28717,-99.64056",SUPERFICIAL,0.07,2.08,1.54,3.20,19.28717,-99.64056,SUPERFICIAL,GREEN,
JDJ,6,,060168,,20/4/2026,FERNANDO MORENO,IGNACIO PEREZ,MELERO Y PIÑA,SAN SEBASTIAN,SAN SEBASTIAN,"19.28717,-99.64056",SUPERFICIAL,0.07,2.07,1.34,2.77,19.28717,-99.64056,SUPERFICIAL,GREEN,
JDJ,6,,060169,,20/4/2026,FERNANDO MORENO,IGNACIO PEREZ,MELERO Y PIÑA,SAN SEBASTIAN,SAN SEBASTIAN,"19.28730,-99.64052",SUPERFICIAL,0.07,2.02,1.70,3.43,19.28730,-99.64052,SUPERFICIAL,GREEN,
JDJ,6,,060170,,20/4/2026,IGNACIO PEREZ,FERNANDO MORENO,GUILLERMO PRIETO,SAN SEBASTIAN,SAN SEBASTIAN,"19.28698,-99.64948",SUPERFICIAL,0.07,1.50,1.50,2.25,19.28698,-99.64948,SUPERFICIAL,GREEN,
JDJ,6,,060171,,20/4/2026,GUILLERMO PRIETO,IGNACIO PEREZ,MELERO Y PIÑA,SAN SEBASTIAN,SAN SEBASTIAN,"19.28722,-99.64944",SUPERFICIAL,0.07,2.34,1.71,4.00,19.28722,-99.64944,SUPERFICIAL,GREEN,
JDJ,6,,060172,,20/4/2026,GUILLERMO PRIETO,IGNACIO PEREZ,MELERO Y PIÑA,SAN SEBASTIAN,SAN SEBASTIAN,"19.28726,-99.64946",SUPERFICIAL,0.07,1.32,1.15,1.52,19.28726,-99.64946,SUPERFICIAL,GREEN,
JDJ,6,,060173,,20/4/2026,GUILLERMO PRIETO,IGNACIO PEREZ,MELERO Y PIÑA,SAN SEBASTIAN,SAN SEBASTIAN,"19.28769,-99.64966",SUPERFICIAL,0.07,1.07,1.03,1.10,19.28769,-99.64966,SUPERFICIAL,GREEN,
JDJ,6,,060174,,20/4/2026,GUILLERMO PRIETO,IGNACIO PEREZ,MELERO Y PIÑA,SAN SEBASTIAN,SAN SEBASTIAN,"19.28788,-99.64970",SUPERFICIAL,0.07,0.90,0.90,0.81,19.28788,-99.64970,SUPERFICIAL,GREEN,
JDJ,6,,060175,,20/4/2026,GUILLERMO PRIETO,IGNACIO PEREZ,MELERO Y PIÑA,SAN SEBASTIAN,SAN SEBASTIAN,"19.28789,-99.64969",SUPERFICIAL,0.07,0.80,0.80,0.64,19.28789,-99.64969,SUPERFICIAL,GREEN,
JDJ,6,,060176,,20/4/2026,GUILLERMO PRIETO,IGNACIO PEREZ,MELERO Y PIÑA,SAN SEBASTIAN,SAN SEBASTIAN,"19.28790,-99.64970",SUPERFICIAL,0.07,1.30,1.30,1.69,19.28790,-99.64970,SUPERFICIAL,GREEN,
JDJ,6,,060177,,20/4/2026,GUILLERMO PRIETO,IGNACIO PEREZ,MELERO Y PIÑA,SAN SEBASTIAN,SAN SEBASTIAN,"19.28788,-99.64971",SUPERFICIAL,0.07,1.50,1.35,2.03,19.28788,-99.64971,SUPERFICIAL,GREEN,
JDJ,6,,060178,,20/4/2026,GUILLERMO PRIETO,IGNACIO PEREZ,MELERO Y PIÑA,SAN SEBASTIAN,SAN SEBASTIAN,"19.28788,-99.64971",SUPERFICIAL,0.07,0.65,0.50,0.33,19.28788,-99.64971,SUPERFICIAL,GREEN,
JDJ,6,,060179,,20/4/2026,GUILLERMO PRIETO,MELERO Y PIÑA,AV.MORELOS,SAN SEBASTIAN,SAN SEBASTIAN,"19.28802,-99.64972",SUPERFICIAL,0.07,2.01,1.40,2.81,19.28802,-99.64972,SUPERFICIAL,GREEN,
JDJ,6,,060180,,20/4/2026,GUILLERMO PRIETO,MELERO Y PIÑA,AV.MORELOS,SAN SEBASTIAN,SAN SEBASTIAN,"19.28800,-99.64976",SUPERFICIAL,0.07,1.88,1.38,2.59,19.28800,-99.64976,SUPERFICIAL,GREEN,
JDJ,6,,060181,,20/4/2026,GUILLERMO PRIETO,MELERO Y PIÑA,AV.MORELOS,SAN SEBASTIAN,SAN SEBASTIAN,"19.28795,-99.64982",SUPERFICIAL,0.07,2.55,1.15,2.93,19.28795,-99.64982,SUPERFICIAL,GREEN,
JDJ,6,,060182,,20/4/2026,MELERO Y PINA,GUILLERMO PRIETO,FERNANDO MORENO,SAN SEBASTIAN,SAN SEBASTIAN,"19.28756,-99.64025",SUPERFICIAL,0.07,5.06,1.05,5.31,19.28756,-99.64025,SUPERFICIAL,GREEN,
JDJ,6,,060183,,20/4/2026,MELERO Y PINA,GUILLERMO PRIETO,FERNANDO MORENO,SAN SEBASTIAN,SAN SEBASTIAN,"19.28755,-99.64025",SUPERFICIAL,0.07,2.61,1.28,3.34,19.28755,-99.64025,SUPERFICIAL,GREEN,
JDJ,6,,060184,,20/4/2026,MELERO Y PINA,GUILLERMO PRIETO,FERNANDO MORENO,SAN SEBASTIAN,SAN SEBASTIAN,"19.28762,-99.64066",SUPERFICIAL,0.07,1.93,1.75,3.38,19.28762,-99.64066,SUPERFICIAL,GREEN,
JDJ,6,,060185,,20/4/2026,FERNANDO MORENO,IGNACIO PEREZ,SANTOS VILLA,SAN SEBASTIAN,SAN SEBASTIAN,"19.28747,-99.64050",SUPERFICIAL,0.07,1.29,0.80,1.03,19.28747,-99.64050,SUPERFICIAL,GREEN,
JDJ,6,,060186,,20/4/2026,FERNANDO MORENO,IGNACIO PEREZ,SANTOS VILLA,SAN SEBASTIAN,SAN SEBASTIAN,"19.28747,-99.64050",SUPERFICIAL,0.07,1.60,1.50,2.40,19.28747,-99.64050,SUPERFICIAL,GREEN,
JDJ,6,,060187,,20/4/2026,FERNANDO MORENO,IGNACIO PEREZ,SANTOS VILLA,SAN SEBASTIAN,SAN SEBASTIAN,"19.28746,-99.64050",SUPERFICIAL,0.07,1.85,1.76,3.26,19.28746,-99.64050,SUPERFICIAL,GREEN,
JDJ,6,,060188,,20/4/2026,FERNANDO MORENO,IGNACIO PEREZ,SANTOS VILLA,SAN SEBASTIAN,SAN SEBASTIAN,"19.28643,-99.64050",SUPERFICIAL,0.07,2.44,1.93,4.71,19.28643,-99.64050,SUPERFICIAL,GREEN,
JDJ,6,,060189,,20/4/2026,FERNANDO MORENO,IGNACIO PEREZ,SANTOS VILLA,SAN SEBASTIAN,SAN SEBASTIAN,"19.28640,-99.64049",SUPERFICIAL,0.07,2.50,1.67,4.18,19.28640,-99.64049,SUPERFICIAL,GREEN,
JDJ,6,,060190,,20/4/2026,FERNANDO MORENO,SANTOS VILLA,VALENTIN GOMEZ FARIAS,SAN SEBASTIAN,SAN SEBASTIAN,"19.28629,-99.64047",SUPERFICIAL,0.07,1.16,1.02,1.18,19.28629,-99.64047,SUPERFICIAL,GREEN,
JDJ,6,,060191,,20/4/2026,FERNANDO MORENO,SANTOS VILLA,VALENTIN GOMEZ FARIAS,SAN SEBASTIAN,SAN SEBASTIAN,"19.28629,-99.64047",SUPERFICIAL,0.07,1.13,1.10,1.24,19.28629,-99.64047,SUPERFICIAL,GREEN,
JDJ,6,,060192,,20/4/2026,FERNANDO MORENO,SANTOS VILLA,VALENTIN GOMEZ FARIAS,SAN SEBASTIAN,SAN SEBASTIAN,"19.28629,-99.64048",SUPERFICIAL,0.07,1.26,1.14,1.44,19.28629,-99.64048,SUPERFICIAL,GREEN,
JDJ,6,,060193,,20/4/2026,FERNANDO MORENO,SANTOS VILLA,VALENTIN GOMEZ FARIAS,SAN SEBASTIAN,SAN SEBASTIAN,"19.28626,-99.64050",SUPERFICIAL,0.07,3.23,0.67,2.16,19.28626,-99.64050,SUPERFICIAL,GREEN,
JDJ,6,,060194,,20/4/2026,FERNANDO MORENO,SANTOS VILLA,VALENTIN GOMEZ FARIAS,SAN SEBASTIAN,SAN SEBASTIAN,"19.28607,-99.64049",SUPERFICIAL,0.07,1.67,1.64,2.74,19.28607,-99.64049,SUPERFICIAL,GREEN,
JDJ,6,,060195,,20/4/2026,FERNANDO MORENO,SANTOS VILLA,VALENTIN GOMEZ FARIAS,SAN SEBASTIAN,SAN SEBASTIAN,"19.28602,-99.64051",SUPERFICIAL,0.07,1.71,1.25,2.14,19.28602,-99.64051,SUPERFICIAL,GREEN,
JDJ,6,,060196,,20/4/2026,FERNANDO MORENO,SANTOS VILLA,VALENTIN GOMEZ FARIAS,SAN SEBASTIAN,SAN SEBASTIAN,"19.28598,-99.64049",SUPERFICIAL,0.07,1.16,1.14,1.32,19.28598,-99.64049,SUPERFICIAL,GREEN,
JDJ,6,,060197,,20/4/2026,SANTOS VILLA,FERNANDO MORENO,EMILIO CARRANZA,SAN SEBASTIAN,SAN SEBASTIAN,"19.28635,-99.64022",SUPERFICIAL,0.07,1.35,0.80,1.08,19.28635,-99.64022,SUPERFICIAL,GREEN,
JDJ,6,,060198,,20/4/2026,SANTOS VILLA,FERNANDO MORENO,EMILIO CARRANZA,SAN SEBASTIAN,SAN SEBASTIAN,"19.28635,-99.64022",SUPERFICIAL,0.07,2.43,0.65,1.58,19.28635,-99.64022,SUPERFICIAL,GREEN,
JDJ,6,,060199,,20/4/2026,SANTOS VILLA,FERNANDO MORENO,EMILIO CARRANZA,SAN SEBASTIAN,SAN SEBASTIAN,"19.28636,-99.64016",SUPERFICIAL,0.07,1.80,1.37,2.47,19.28636,-99.64016,SUPERFICIAL,GREEN,
JDJ,6,,060200,,20/4/2026,SANTOS VILLA,FERNANDO MORENO,EMILIO CARRANZA,SAN SEBASTIAN,SAN SEBASTIAN,"19.28634,-99.64015",SUPERFICIAL,0.07,2.38,0.86,2.05,19.28634,-99.64015,SUPERFICIAL,GREEN,
JDJ,6,,060201,,20/4/2026,SANTOS VILLA,FERNANDO MORENO,EMILIO CARRANZA,SAN SEBASTIAN,SAN SEBASTIAN,"19.28631,-99.64014",SUPERFICIAL,0.07,4.10,0.82,3.36,19.28631,-99.64014,SUPERFICIAL,GREEN,
JDJ,6,,060202,,20/4/2026,SANTOS VILLA,FERNANDO MORENO,GUILLERMO PRIETO,SAN SEBASTIAN,SAN SEBASTIAN,"19.28633,-99.63964",SUPERFICIAL,0.07,1.66,1.12,1.86,19.28633,-99.63964,SUPERFICIAL,GREEN,
JDJ,6,,060203,,20/4/2026,SANTOS VILLA,FERNANDO MORENO,GUILLERMO PRIETO,SAN SEBASTIAN,SAN SEBASTIAN,"19.28632,-99.63965",SUPERFICIAL,0.07,1.00,0.90,0.90,19.28632,-99.63965,SUPERFICIAL,GREEN,
JDJ,6,,060204,,20/4/2026,SANTOS VILLA,FERNANDO MORENO,GUILLERMO PRIETO,SAN SEBASTIAN,SAN SEBASTIAN,"19.28633,-99.63926",SUPERFICIAL,0.07,1.83,1.59,2.91,19.28633,-99.63926,SUPERFICIAL,GREEN,
JDJ,6,,060205,,20/4/2026,SANTOS VILLA,FERNANDO MORENO,GUILLERMO PRIETO,SAN SEBASTIAN,SAN SEBASTIAN,"19.28631,-99.63924",SUPERFICIAL,0.07,3.22,2.55,8.21,19.28631,-99.63924,SUPERFICIAL,GREEN,
JDJ,6,,060206,,20/4/2026,SANTOS VILLA,FERNANDO MORENO,GUILLERMO PRIETO,SAN SEBASTIAN,SAN SEBASTIAN,"19.28620,-99.63904",SUPERFICIAL,0.07,1.82,1.67,3.04,19.28620,-99.63904,SUPERFICIAL,GREEN,
JDJ,6,,060207,,20/4/2026,EMILIO CARRANZA,SANTOS VILLA,VALENTIN GOMEZ FARIAS,SAN SEBASTIAN,SAN SEBASTIAN,"19.28622,-99.63898",SUPERFICIAL,0.07,1.36,1.18,1.60,19.28622,-99.63898,SUPERFICIAL,GREEN,
JDJ,6,,060208,,20/4/2026,EMILIO CARRANZA,SANTOS VILLA,VALENTIN GOMEZ FARIAS,SAN SEBASTIAN,SAN SEBASTIAN,"19.28621,-99.63893",SUPERFICIAL,0.07,1.21,0.71,0.86,19.28621,-99.63893,SUPERFICIAL,GREEN,
JDJ,6,,060209,,20/4/2026,GUILLERMO PRIETO,EMILIO CARRANZA,VALENTIN GOMEZ FARIAS,SAN SEBASTIAN,SAN SEBASTIAN,"19.28589,-99.63883",SUPERFICIAL,0.07,0.86,0.86,0.74,19.28589,-99.63883,SUPERFICIAL,GREEN,
JDJ,6,,060210,,20/4/2026,GUILLERMO PRIETO,EMILIO CARRANZA,VALENTIN GOMEZ FARIAS,SAN SEBASTIAN,SAN SEBASTIAN,"19.28592,-99.63885",SUPERFICIAL,0.07,1.17,1.15,1.35,19.28592,-99.63885,SUPERFICIAL,GREEN,
JDJ,6,,060211,,20/4/2026,EMILIO CARRANZA,SANTOS VILLA,IGNACIO PEREZ,SAN SEBASTIAN,SAN SEBASTIAN,"19.28572,-99.63887",SUPERFICIAL,0.07,1.67,1.21,2.02,19.28572,-99.63887,SUPERFICIAL,GREEN,
JDJ,6,,060212,,20/4/2026,EMILIO CARRANZA,SANTOS VILLA,IGNACIO PEREZ,SAN SEBASTIAN,SAN SEBASTIAN,"19.28732,-99.63874",SUPERFICIAL,0.07,2.30,2.20,5.06,19.28732,-99.63874,SUPERFICIAL,GREEN,
JDJ,6,,060213,,20/4/2026,EMILIO CARRANZA,SANTOS VILLA,IGNACIO PEREZ,SAN SEBASTIAN,SAN SEBASTIAN,"19.28738,-99.63876",SUPERFICIAL,0.07,1.92,1.23,2.36,19.28738,-99.63876,SUPERFICIAL,GREEN,
JDJ,6,,060214,,20/4/2026,EMILIO CARRANZA,SANTOS VILLA,IGNACIO PEREZ,SAN SEBASTIAN,SAN SEBASTIAN,"19.28738,-99.63876",SUPERFICIAL,0.07,2.12,1.67,3.54,19.28738,-99.63876,SUPERFICIAL,GREEN,
JDJ,6,,060215,,20/4/2026,EMILIO CARRANZA,SANTOS VILLA,IGNACIO PEREZ,SAN SEBASTIAN,SAN SEBASTIAN,"19.28738,-99.63876",SUPERFICIAL,0.07,2.07,1.62,3.35,19.28738,-99.63876,SUPERFICIAL,GREEN,
JDJ,6,,060216,,20/4/2026,EMILIO CARRANZA,IGNACIO PEREZ,MELERO Y PIÑA,SAN SEBASTIAN,SAN SEBASTIAN,"19.28781,-99.63869",SUPERFICIAL,0.07,1.46,1.41,2.06,19.28781,-99.63869,SUPERFICIAL,GREEN,
JDJ,6,,060217,,20/4/2026,EMILIO CARRANZA,IGNACIO PEREZ,MELERO Y PIÑA,SAN SEBASTIAN,SAN SEBASTIAN,"19.28777,-99.63872",SUPERFICIAL,0.07,1.20,1.05,1.26,19.28777,-99.63872,SUPERFICIAL,GREEN,
JDJ,6,,060218,,20/4/2026,EMILIO CARRANZA,IGNACIO PEREZ,MELERO Y PIÑA,SAN SEBASTIAN,SAN SEBASTIAN,"19.28786,-99.63868",SUPERFICIAL,0.07,1.63,1.45,2.36,19.28786,-99.63868,SUPERFICIAL,GREEN,
JDJ,6,,060219,,20/4/2026,EMILIO CARRANZA,IGNACIO PEREZ,MELERO Y PIÑA,SAN SEBASTIAN,SAN SEBASTIAN,"19.28806,-99.63875",SUPERFICIAL,0.07,1.24,0.95,1.18,19.28806,-99.63875,SUPERFICIAL,GREEN,
JDJ,6,,060220,,20/4/2026,EMILIO CARRANZA,MELERO Y PIÑA,28 DE OCTUBRE,SAN SEBASTIAN,SAN SEBASTIAN,"19.28822,-99.63867",SUPERFICIAL,0.07,2.49,1.24,3.09,19.28822,-99.63867,SUPERFICIAL,GREEN,
JDJ,6,,060221,,20/4/2026,EMILIO CARRANZA,MELERO Y PIÑA,28 DE OCTUBRE,SAN SEBASTIAN,SAN SEBASTIAN,"19.28820,-99.63862",SUPERFICIAL,0.07,4.80,1.30,6.24,19.28820,-99.63862,SUPERFICIAL,GREEN,
JDJ,6,,060222,,20/4/2026,EMILIO CARRANZA,MELERO Y PIÑA,28 DE OCTUBRE,SAN SEBASTIAN,SAN SEBASTIAN,"19.28828,-99.63868",SUPERFICIAL,0.07,3.17,2.53,8.02,19.28828,-99.63868,SUPERFICIAL,GREEN,
JDJ,6,,060223,,20/4/2026,EMILIO CARRANZA,MELERO Y PIÑA,28 DE OCTUBRE,SAN SEBASTIAN,SAN SEBASTIAN,"19.28828,-99.63867",SUPERFICIAL,0.07,2.77,1.26,3.49,19.28828,-99.63867,SUPERFICIAL,GREEN,
JDJ,6,,060224,,20/4/2026,IGNACIO PEREZ,EMILIO CARRANZA,FIDEL VELAZQUEZ,SAN SEBASTIAN,SAN SEBASTIAN,"19.28693,-99.63833",SUPERFICIAL,0.07,1.51,1.46,2.20,19.28693,-99.63833,SUPERFICIAL,GREEN,
JDJ,6,,060225,,20/4/2026,IGNACIO PEREZ,EMILIO CARRANZA,FIDEL VELAZQUEZ,SAN SEBASTIAN,SAN SEBASTIAN,"19.28704,-99.63832",SUPERFICIAL,0.07,2.16,2.03,4.38,19.28704,-99.63832,SUPERFICIAL,GREEN,
JDJ,6,,060226,,20/4/2026,IGNACIO PEREZ,EMILIO CARRANZA,FIDEL VELAZQUEZ,SAN SEBASTIAN,SAN SEBASTIAN,"19.28704,-99.63830",SUPERFICIAL,0.07,2.96,2.14,6.33,19.28704,-99.63830,SUPERFICIAL,GREEN,
JDJ,6,,060227,,20/4/2026,IGNACIO PEREZ,EMILIO CARRANZA,FIDEL VELAZQUEZ,SAN SEBASTIAN,SAN SEBASTIAN,"19.28706,-99.63814",SUPERFICIAL,0.07,1.48,1.42,2.10,19.28706,-99.63814,SUPERFICIAL,GREEN,
JDJ,6,,060228,,21/4/2026,PASEO FIDEL VELAZQUEZ,VALENTÍN GOMEZ FARIAS,NEZAHUALCOYOTL,,SAN SEBASTIAN,"19.284271,-99.639863",PROFUNDO,0.10,1.17,1.06,1.24,19.284271,-99.639863,PROFUNDO,GREEN,
JDJ,6,,060229,,21/4/2026,PASEO FIDEL VELAZQUEZ,VALENTÍN GOMEZ FARIAS,NEZAHUALCOYOTL,,SAN SEBASTIAN,"19.284280,-99.639845",PROFUNDO,0.10,2.58,1.14,2.94,19.284280,-99.639845,PROFUNDO,GREEN,
JDJ,6,,060230,,21/4/2026,PASEO FIDEL VELAZQUEZ,VALENTÍN GOMEZ FARIAS,NEZAHUALCOYOTL,,SAN SEBASTIAN,"19.284292,-99.639802",PROFUNDO,0.10,2.30,0.65,1.50,19.284292,-99.639802,PROFUNDO,GREEN,
JDJ,6,,060231,,21/4/2026,PASEO FIDEL VELAZQUEZ,VALENTÍN GOMEZ FARIAS,NEZAHUALCOYOTL,,SAN SEBASTIAN,"19.284349,-99.639750",PROFUNDO,0.10,1.77,1.70,3.01,19.284349,-99.639750,PROFUNDO,GREEN,
JDJ,6,,060232,,21/4/2026,PASEO FIDEL VELAZQUEZ,VALENTÍN GOMEZ FARIAS,NEZAHUALCOYOTL,,SAN SEBASTIAN,"19.284363,-99.639742",PROFUNDO,0.10,1.77,1.70,3.01,19.284363,-99.639742,PROFUNDO,GREEN,
JDJ,6,,060233,,21/4/2026,PASEO FIDEL VELAZQUEZ,VALENTÍN GOMEZ FARIAS,NEZAHUALCOYOTL,,SAN SEBASTIAN,"19.284378,-99.639720",PROFUNDO,0.10,1.80,1.45,2.61,19.284378,-99.639720,PROFUNDO,GREEN,
JDJ,6,,060234,,21/4/2026,PASEO FIDEL VELAZQUEZ,VALENTÍN GOMEZ FARIAS,NEZAHUALCOYOTL,,SAN SEBASTIAN,"19.284376,-99.639712",PROFUNDO,0.10,1.59,0.90,1.43,19.284376,-99.639712,PROFUNDO,GREEN,
JDJ,6,,060235,,21/4/2026,PASEO FIDEL VELAZQUEZ,VALENTÍN GOMEZ FARIAS,NEZAHUALCOYOTL,,SAN SEBASTIAN,"19.284427,-99.639681",PROFUNDO,0.10,2.00,0.80,1.60,19.284427,-99.639681,PROFUNDO,GREEN,
JDJ,6,,060236,,21/4/2026,PASEO FIDEL VELAZQUEZ,VALENTÍN GOMEZ FARIAS,NEZAHUALCOYOTL,,SAN SEBASTIAN,"19.284444,-99.639667",PROFUNDO,0.10,1.39,0.75,1.04,19.284444,-99.639667,PROFUNDO,GREEN,
JDJ,6,,060237,,21/4/2026,PASEO FIDEL VELAZQUEZ,VALENTÍN GOMEZ FARIAS,NEZAHUALCOYOTL,,SAN SEBASTIAN,"19.284453,-99.639648",PROFUNDO,0.10,1.90,1.36,2.58,19.284453,-99.639648,PROFUNDO,GREEN,
JDJ,6,,060238,,21/4/2026,PASEO FIDEL VELAZQUEZ,VALENTÍN GOMEZ FARIAS,NEZAHUALCOYOTL,,SAN SEBASTIAN,"19.284480,-99.639651",PROFUNDO,0.10,1.35,1.00,1.35,19.284480,-99.639651,PROFUNDO,GREEN,
JDJ,6,,060239,,21/4/2026,PASEO FIDEL VELAZQUEZ,VALENTÍN GOMEZ FARIAS,NEZAHUALCOYOTL,,SAN SEBASTIAN,"19.284494,-99.639626",PROFUNDO,0.10,1.22,1.21,1.48,19.284494,-99.639626,PROFUNDO,GREEN,
JDJ,6,,060240,,21/4/2026,PASEO FIDEL VELAZQUEZ,VALENTÍN GOMEZ FARIAS,NEZAHUALCOYOTL,,SAN SEBASTIAN,"19.284506,-99.639610",PROFUNDO,0.10,2.11,1.68,3.54,19.284506,-99.639610,PROFUNDO,GREEN,
JDJ,6,,060241,,21/4/2026,PASEO FIDEL VELAZQUEZ,VALENTÍN GOMEZ FARIAS,NEZAHUALCOYOTL,,SAN SEBASTIAN,"19.284546,-99.639618",PROFUNDO,0.10,2.11,1.68,3.54,19.284546,-99.639618,PROFUNDO,GREEN,
JDJ,6,,060242,,21/4/2026,PASEO FIDEL VELAZQUEZ,VALENTÍN GOMEZ FARIAS,NEZAHUALCOYOTL,,SAN SEBASTIAN,"19.284604,-99.639589",PROFUNDO,0.10,2.57,1.20,3.08,19.284604,-99.639589,PROFUNDO,GREEN,
JDJ,6,,060243,,21/4/2026,PASEO FIDEL VELAZQUEZ,VALENTÍN GOMEZ FARIAS,NEZAHUALCOYOTL,,SAN SEBASTIAN,"19.284611,-99.639569",PROFUNDO,0.10,2.15,0.82,1.76,19.284611,-99.639569,PROFUNDO,GREEN,
JDJ,6,,060244,,21/4/2026,PASEO FIDEL VELAZQUEZ,VALENTÍN GOMEZ FARIAS,NEZAHUALCOYOTL,,SAN SEBASTIAN,"19.284618,-99.639552",PROFUNDO,0.10,1.80,1.06,1.91,19.284618,-99.639552,PROFUNDO,GREEN,
JDJ,6,,060245,,21/4/2026,PASEO FIDEL VELAZQUEZ,VALENTÍN GOMEZ FARIAS,NEZAHUALCOYOTL,,SAN SEBASTIAN,"19.284644,-99.639534",PROFUNDO,0.10,5.46,1.20,6.55,19.284644,-99.639534,PROFUNDO,GREEN,
JDJ,6,,060246,,21/4/2026,PASEO FIDEL VELAZQUEZ,VALENTÍN GOMEZ FARIAS,NEZAHUALCOYOTL,,SAN SEBASTIAN,"19.284664,-99.639518",PROFUNDO,0.10,1.41,1.22,1.72,19.284664,-99.639518,PROFUNDO,GREEN,
JDJ,6,,060247,,21/4/2026,PASEO FIDEL VELAZQUEZ,VALENTÍN GOMEZ FARIAS,NEZAHUALCOYOTL,,SAN SEBASTIAN,"19.284668,-99.639502",PROFUNDO,0.10,1.41,1.22,1.72,19.284668,-99.639502,PROFUNDO,GREEN,
JDJ,6,,060248,,21/4/2026,PASEO FIDEL VELAZQUEZ,VALENTÍN GOMEZ FARIAS,NEZAHUALCOYOTL,,SAN SEBASTIAN,"19.284746,-99.639469",PROFUNDO,0.10,2.27,1.00,2.27,19.284746,-99.639469,PROFUNDO,GREEN,
JDJ,6,,060249,,21/4/2026,PASEO FIDEL VELAZQUEZ,VALENTÍN GOMEZ FARIAS,NEZAHUALCOYOTL,,SAN SEBASTIAN,"19.284758,-99.639449",PROFUNDO,0.10,0.98,0.92,0.90,19.284758,-99.639449,PROFUNDO,GREEN,
JDJ,6,,060250,,21/4/2026,PASEO FIDEL VELAZQUEZ,VALENTÍN GOMEZ FARIAS,NEZAHUALCOYOTL,,SAN SEBASTIAN,"19.284772,-99.639428",PROFUNDO,0.10,1.00,0.75,0.75,19.284772,-99.639428,PROFUNDO,GREEN,
JDJ,6,,060251,,21/4/2026,PASEO FIDEL VELAZQUEZ,VALENTÍN GOMEZ FARIAS,NEZAHUALCOYOTL,,SAN SEBASTIAN,"19.284754,-99.639428",PROFUNDO,0.10,1.10,0.80,0.88,19.284754,-99.639428,PROFUNDO,GREEN,
JDJ,6,,060252,,21/4/2026,PASEO FIDEL VELAZQUEZ,VALENTÍN GOMEZ FARIAS,NEZAHUALCOYOTL,,SAN SEBASTIAN,"19.284718,-99.639430",PROFUNDO,0.10,3.50,0.95,3.33,19.284718,-99.639430,PROFUNDO,GREEN,
JDJ,6,,060253,,21/4/2026,PASEO FIDEL VELAZQUEZ,VALENTÍN GOMEZ FARIAS,NEZAHUALCOYOTL,,SAN SEBASTIAN,"19.284752,-99.639436",PROFUNDO,0.10,3.00,0.85,2.55,19.284752,-99.639436,PROFUNDO,GREEN,
JDJ,6,,060254,,21/4/2026,PASEO FIDEL VELAZQUEZ,VALENTÍN GOMEZ FARIAS,NEZAHUALCOYOTL,,SAN SEBASTIAN,"19.284818,-99.639426",PROFUNDO,0.10,2.70,1.10,2.97,19.284818,-99.639426,PROFUNDO,GREEN,
JDJ,6,,060255,,21/4/2026,PASEO FIDEL VELAZQUEZ,VALENTÍN GOMEZ FARIAS,NEZAHUALCOYOTL,,SAN SEBASTIAN,"19.284844,-99.639416",PROFUNDO,0.10,2.48,2.04,5.06,19.284844,-99.639416,PROFUNDO,GREEN,
JDJ,6,,060256,,21/4/2026,PASEO FIDEL VELAZQUEZ,VALENTÍN GOMEZ FARIAS,NEZAHUALCOYOTL,,SAN SEBASTIAN,"19.284832,-99.639388",PROFUNDO,0.10,1.62,1.19,1.93,19.284832,-99.639388,PROFUNDO,GREEN,
JDJ,6,,060257,,21/4/2026,PASEO FIDEL VELAZQUEZ,VALENTÍN GOMEZ FARIAS,NEZAHUALCOYOTL,,SAN SEBASTIAN,"19.284834,-99.639376",PROFUNDO,0.10,1.83,1.21,2.21,19.284834,-99.639376,PROFUNDO,GREEN,
JDJ,6,,060258,,21/4/2026,PASEO FIDEL VELAZQUEZ,VALENTÍN GOMEZ FARIAS,NEZAHUALCOYOTL,,SAN SEBASTIAN,"19.284838,-99.639360",PROFUNDO,0.10,1.00,0.70,0.70,19.284838,-99.639360,PROFUNDO,GREEN,
JDJ,6,,060259,,21/4/2026,PASEO FIDEL VELAZQUEZ,VALENTÍN GOMEZ FARIAS,NEZAHUALCOYOTL,,SAN SEBASTIAN,"19.284855,-99.639360",PROFUNDO,0.10,1.43,1.22,1.74,19.284855,-99.639360,PROFUNDO,GREEN,
JDJ,6,,060260,,21/4/2026,PASEO FIDEL VELAZQUEZ,VALENTÍN GOMEZ FARIAS,NEZAHUALCOYOTL,,SAN SEBASTIAN,"19.284867,-99.639353",PROFUNDO,0.10,1.62,2.40,3.89,19.284867,-99.639353,PROFUNDO,GREEN,
JDJ,6,,060261,,21/4/2026,PASEO FIDEL VELAZQUEZ,VALENTÍN GOMEZ FARIAS,NEZAHUALCOYOTL,,SAN SEBASTIAN,"19.284884,-99.639350",PROFUNDO,0.10,1.60,1.58,2.53,19.284884,-99.639350,PROFUNDO,GREEN,
JDJ,6,,060262,,21/4/2026,PASEO FIDEL VELAZQUEZ,VALENTÍN GOMEZ FARIAS,NEZAHUALCOYOTL,,SAN SEBASTIAN,"19.284898,-99.639348",PROFUNDO,0.10,1.92,1.25,2.40,19.284898,-99.639348,PROFUNDO,GREEN,
JDJ,6,,060263,,21/4/2026,PASEO FIDEL VELAZQUEZ,VALENTÍN GOMEZ FARIAS,NEZAHUALCOYOTL,,SAN SEBASTIAN,"19.284924,-99.639334",PROFUNDO,0.10,2.01,1.03,2.07,19.284924,-99.639334,PROFUNDO,GREEN,
JDJ,6,,060267,,21/4/2026,PASEO FIDEL VELAZQUEZ,VALENTÍN GOMEZ FARIAS,NEZAHUALCOYOTL,,SAN SEBASTIAN,"19.284915,-99.639319",PROFUNDO,0.10,2.48,1.66,4.12,19.284915,-99.639319,PROFUNDO,GREEN,
JDJ,6,,060268,,21/4/2026,PASEO FIDEL VELAZQUEZ,VALENTÍN GOMEZ FARIAS,NEZAHUALCOYOTL,,SAN SEBASTIAN,"19.284912,-99.639306",PROFUNDO,0.10,1.46,1.35,1.97,19.284912,-99.639306,PROFUNDO,GREEN,
JDJ,6,,060269,,21/4/2026,PASEO FIDEL VELAZQUEZ,VALENTÍN GOMEZ FARIAS,NEZAHUALCOYOTL,,SAN SEBASTIAN,"19.284987,-99.639293",PROFUNDO,0.10,2.00,1.90,3.80,19.284987,-99.639293,PROFUNDO,GREEN,
JDJ,6,,060264,,22/4/2026,MONTES APENINOS,SIERRA MORENA,PRESA DE LA AMISTAD,,SAN SEBASTIAN,"19.275086,-99.639340",PROFUNDO,0.10,1.57,1.32,2.07,19.275086,-99.639340,PROFUNDO,GREEN,
JDJ,6,,060265,,22/4/2026,MONTES APENINOS,SIERRA MORENA,PRESA DE LA AMISTAD,,SAN SEBASTIAN,"19.275084,-99.639336",PROFUNDO,0.10,1.04,0.80,0.83,19.275084,-99.639336,PROFUNDO,GREEN,
JDJ,6,,060266,,22/4/2026,MONTES APENINOS,SIERRA MORENA,PRESA DE LA AMISTAD,,SAN SEBASTIAN,"19.275089,-99.639330",PROFUNDO,0.10,0.94,1.00,0.94,19.275089,-99.639330,PROFUNDO,GREEN,
JDJ,6,,060270,,22/4/2026,MONTES APENINOS,SIERRA MORENA,PRESA DE LA AMISTAD,,SAN SEBASTIAN,"19.275097,-99.639243",PROFUNDO,0.10,1.58,1.58,2.50,19.275097,-99.639243,PROFUNDO,GREEN,
JDJ,6,,060271,,22/4/2026,MONTES APENINOS,SIERRA MORENA,PRESA DE LA AMISTAD,,SAN SEBASTIAN,"19.275090,-99.639239",PROFUNDO,0.10,1.12,1.14,1.28,19.275090,-99.639239,PROFUNDO,GREEN,
JDJ,6,,060272,,22/4/2026,MONTES APENINOS,SIERRA MORENA,PRESA DE LA AMISTAD,,SAN SEBASTIAN,"19.275109,-99.639129",PROFUNDO,0.10,2.14,0.76,1.63,19.275109,-99.639129,PROFUNDO,GREEN,
JDJ,6,,060273,,22/4/2026,MONTES APENINOS,SIERRA MORENA,PRESA DE LA AMISTAD,,SAN SEBASTIAN,"19.275135,-99.639135",PROFUNDO,0.10,2.05,1.35,1.96,19.275135,-99.639135,PROFUNDO,GREEN,
JDJ,6,,060274,,22/4/2026,MONTES APENINOS,SIERRA MORENA,PRESA DE LA AMISTAD,,SAN SEBASTIAN,"19.275137,-99.639144",PROFUNDO,0.10,1.46,1.34,1.54,19.275137,-99.639144,PROFUNDO,GREEN,
JDJ,6,,060275,,22/4/2026,MONTES APENINOS,SIERRA MORENA,PRESA DE LA AMISTAD,,SAN SEBASTIAN,"19.275158,-99.639283",PROFUNDO,0.10,1.24,1.24,0.72,19.275158,-99.639283,PROFUNDO,GREEN,
JDJ,6,,060276,,22/4/2026,MONTES APENINOS,SIERRA MORENA,PRESA DE LA AMISTAD,,SAN SEBASTIAN,"19.275149,-99.639278",PROFUNDO,0.10,1.20,0.60,1.10,19.275149,-99.639278,PROFUNDO,GREEN,
JDJ,6,,060277,,22/4/2026,MONTES APENINOS,SIERRA MORENA,PRESA DE LA AMISTAD,,SAN SEBASTIAN,"19.275146,-99.639272",PROFUNDO,0.10,1.10,1.00,4.75,19.275146,-99.639272,PROFUNDO,GREEN,
JDJ,6,,060278,,22/4/2026,MONTES APENINOS,SIERRA MORENA,PRESA DE LA AMISTAD,,SAN SEBASTIAN,"19.275170,-99.639382",PROFUNDO,0.10,1.30,3.65,4.75,19.275170,-99.639382,PROFUNDO,GREEN,
JDJ,6,,060279,,22/4/2026,MONTES APENINOS,SIERRA MORENA,PRESA DE LA AMISTAD,,SAN SEBASTIAN,"19.275168,-99.639400",PROFUNDO,0.10,1.30,3.65,5.38,19.275168,-99.639400,PROFUNDO,GREEN,
JDJ,6,,060280,,22/4/2026,SIERRA MORENA,MONTES URALES,MONTES APALACHES,,SAN SEBASTIAN,"19.275068,-99.638950",PROFUNDO,0.10,3.28,1.64,7.90,19.275068,-99.638950,PROFUNDO,GREEN,
JDJ,6,,060281,,22/4/2026,SIERRA MORENA,MONTES URALES,MONTES APALACHES,,SAN SEBASTIAN,"19.275069,-99.638944",PROFUNDO,0.10,3.80,2.08,3.96,19.275069,-99.638944,PROFUNDO,GREEN,
JDJ,6,,060282,,22/4/2026,SIERRA MORENA,MONTES URALES,MONTES APALACHES,,SAN SEBASTIAN,"19.275081,-99.638946",PROFUNDO,0.10,2.83,1.40,6.12,19.275081,-99.638946,PROFUNDO,GREEN,
JDJ,6,,060283,,22/4/2026,SIERRA MORENA,MONTES URALES,MONTES APALACHES,,SAN SEBASTIAN,"19.275091,-99.638951",PROFUNDO,0.10,3.40,1.80,6.88,19.275091,-99.638951,PROFUNDO,GREEN,
JDJ,6,,060284,,22/4/2026,SIERRA MORENA,MONTES URALES,MONTES APALACHES,,SAN SEBASTIAN,"19.275100,-99.638945",PROFUNDO,0.10,1.60,4.30,6.88,19.275100,-99.638945,PROFUNDO,GREEN,
JDJ,6,,060285,,22/4/2026,SIERRA MORENA,MONTES URALES,MONTES APALACHES,,SAN SEBASTIAN,"19.275102,-99.638940",PROFUNDO,0.10,1.40,1.30,1.82,19.275102,-99.638940,PROFUNDO,GREEN,
JDJ,6,,060286,,22/4/2026,SIERRA MORENA,MONTES URALES,MONTES APALACHES,,SAN SEBASTIAN,"19.275103,-99.638957",PROFUNDO,0.10,2.30,1.85,4.26,19.275103,-99.638957,PROFUNDO,GREEN,
JDJ,6,,060287,,22/4/2026,SIERRA MORENA,MONTES URALES,MONTES APALACHES,,SAN SEBASTIAN,"19.275130,-99.638954",PROFUNDO,0.10,1.90,1.40,2.66,19.275130,-99.638954,PROFUNDO,GREEN,
JDJ,6,,060288,,22/4/2026,SIERRA MORENA,MONTES URALES,MONTES APALACHES,,SAN SEBASTIAN,"19.275183,-99.638948",PROFUNDO,0.10,3.10,1.30,4.03,19.275183,-99.638948,PROFUNDO,GREEN,
JDJ,6,,060289,,22/4/2026,SIERRA MORENA,MONTES URALES,MONTES APALACHES,,SAN SEBASTIAN,"19.275184,-99.638934",PROFUNDO,0.10,1.70,1.35,2.30,19.275184,-99.638934,PROFUNDO,GREEN,
JDJ,6,,060290,,22/4/2026,SIERRA MORENA,MONTES URALES,MONTES APALACHES,,SAN SEBASTIAN,"19.275169,-99.638933",PROFUNDO,0.10,5.80,0.74,4.29,19.275169,-99.638933,PROFUNDO,GREEN,
JDJ,6,,060291,,22/4/2026,SIERRA MORENA,MONTES URALES,MONTES APALACHES,,SAN SEBASTIAN,"19.275045,-99.638952",PROFUNDO,0.10,1.87,2.50,4.68,19.275045,-99.638952,PROFUNDO,GREEN,
JDJ,6,,060292,,22/4/2026,SIERRA MORENA,MONTES URALES,MONTES APALACHES,,SAN SEBASTIAN,"19.275160,-99.639004",PROFUNDO,0.10,4.65,0.96,4.46,19.275160,-99.639004,PROFUNDO,GREEN,
JDJ,6,,060293,,23/4/2026,SIERRA MORENA,MONTES URALES,MONTES ALTAI,,SAN SEBASTIAN,"19.275180,-99.638935",PROFUNDO,0.10,1.21,1.21,1.46,19.275180,-99.638935,PROFUNDO,GREEN,
JDJ,6,,060294,,23/4/2026,SIERRA MORENA,MONTES URALES,MONTES ALTAI,,SAN SEBASTIAN,"19.275180,-99.638935",PROFUNDO,0.10,2.10,1.57,3.30,19.275180,-99.638935,PROFUNDO,GREEN,
JDJ,6,,060295,,23/4/2026,SIERRA MORENA,MONTES URALES,MONTES ALTAI,,SAN SEBASTIAN,"19.275175,-99.638949",PROFUNDO,0.10,1.54,0.85,1.31,19.275175,-99.638949,PROFUNDO,GREEN,
JDJ,6,,060296,,23/4/2026,SIERRA MORENA,MONTES URALES,MONTES ALTAI,,SAN SEBASTIAN,"19.275175,-99.638949",PROFUNDO,0.10,2.16,1.06,2.29,19.275175,-99.638949,PROFUNDO,GREEN,
JDJ,6,,060297,,23/4/2026,SIERRA MORENA,MONTES URALES,MONTES ALTAI,,SAN SEBASTIAN,"19.275206,-99.638937",PROFUNDO,0.10,1.70,1.20,2.04,19.275206,-99.638937,PROFUNDO,GREEN,
JDJ,6,,060298,,23/4/2026,SIERRA MORENA,MONTES URALES,MONTES ALTAI,,SAN SEBASTIAN,"19.275236,-99.638957",PROFUNDO,0.10,1.49,1.41,2.10,19.275236,-99.638957,PROFUNDO,GREEN,
JDJ,6,,060299,,23/4/2026,SIERRA MORENA,MONTES URALES,MONTES ALTAI,,SAN SEBASTIAN,"19.275254,-99.638944",PROFUNDO,0.10,1.94,1.85,3.59,19.275254,-99.638944,PROFUNDO,GREEN,
JDJ,6,,060300,,23/4/2026,SIERRA MORENA,MONTES URALES,MONTES ALTAI,,SAN SEBASTIAN,"19.275266,-99.638927",PROFUNDO,0.10,1.94,1.85,3.59,19.275266,-99.638927,PROFUNDO,GREEN,
JDJ,6,,060301,,23/4/2026,SIERRA MORENA,MONTES URALES,MONTES ALTAI,,SAN SEBASTIAN,"19.275697,-99.638942",PROFUNDO,0.10,1.31,0.80,1.05,19.275697,-99.638942,PROFUNDO,GREEN,
JDJ,6,,060302,,23/4/2026,SIERRA MORENA,MONTES URALES,MONTES ALTAI,,SAN SEBASTIAN,"19.275929,-99.638941",PROFUNDO,0.10,2.50,1.48,3.70,19.275929,-99.638941,PROFUNDO,GREEN,
JDJ,6,,060303,,23/4/2026,SIERRA MORENA,MONTES URALES,MONTES ALTAI,,SAN SEBASTIAN,"19.276307,-99.638946",PROFUNDO,0.10,1.58,0.98,1.55,19.276307,-99.638946,PROFUNDO,GREEN,
JDJ,6,,060304,,23/4/2026,SIERRA MORENA,MONTES URALES,MONTES ALTAI,,SAN SEBASTIAN,"19.276451,-99.638947",PROFUNDO,0.10,1.39,1.02,1.42,19.276451,-99.638947,PROFUNDO,GREEN,
JDJ,6,,060305,,23/4/2026,SIERRA MORENA,MONTES URALES,MONTES ALTAI,,SAN SEBASTIAN,"19.276870,-99.638921",PROFUNDO,0.10,1.70,1.06,1.80,19.276870,-99.638921,PROFUNDO,GREEN,
JDJ,6,,060306,,23/4/2026,SIERRA MORENA,MONTES URALES,MONTES ALTAI,,SAN SEBASTIAN,"19.276963,-99.638982",PROFUNDO,0.10,2.08,1.58,3.29,19.276963,-99.638982,PROFUNDO,GREEN,
JDJ,6,,060307,,23/4/2026,SIERRA MORENA,MONTES URALES,MONTES ALTAI,,SAN SEBASTIAN,"19.277081,-99.638974",PROFUNDO,0.10,3.36,1.73,5.81,19.277081,-99.638974,PROFUNDO,GREEN,
JDJ,6,,060308,,23/4/2026,SIERRA MORENA,MONTES URALES,MONTES ALTAI,,SAN SEBASTIAN,"19.276859,-99.638935",PROFUNDO,0.10,0.58,0.36,0.21,19.276859,-99.638935,PROFUNDO,GREEN,
JDJ,6,,060309,,23/4/2026,SIERRA MORENA,MONTES URALES,MONTES ALTAI,,SAN SEBASTIAN,"19.275001,-99.638953",PROFUNDO,0.10,1.00,0.85,0.85,19.275001,-99.638953,PROFUNDO,GREEN,
JDJ,6,,060310,,23/4/2026,SIERRA MORENA,MONTES URALES,MONTES ALTAI,,SAN SEBASTIAN,"19.274967,-99.638962",PROFUNDO,0.10,1.50,0.93,1.40,19.274967,-99.638962,PROFUNDO,GREEN,
JDJ,6,,060311,,23/4/2026,SIERRA MORENA,MONTES URALES,MONTES ALTAI,,SAN SEBASTIAN,"19.274893,-99.638965",PROFUNDO,0.10,1.10,0.45,0.50,19.274893,-99.638965,PROFUNDO,GREEN,
JDJ,6,,060312,,23/4/2026,SIERRA MORENA,MONTES URALES,MONTES ALTAI,,SAN SEBASTIAN,"19.274858,-99.638956",PROFUNDO,0.10,1.20,1.15,1.38,19.274858,-99.638956,PROFUNDO,GREEN,
JDJ,6,,060313,,23/4/2026,SIERRA MORENA,MONTES URALES,MONTES ALTAI,,SAN SEBASTIAN,"19.274829,-99.638933",PROFUNDO,0.10,1.03,0.62,0.64,19.274829,-99.638933,PROFUNDO,GREEN,
JDJ,6,,060314,,23/4/2026,SIERRA MORENA,MONTES URALES,MONTES ALTAI,,SAN SEBASTIAN,"19.274750,-99.638945",PROFUNDO,0.10,1.35,0.86,1.16,19.274750,-99.638945,PROFUNDO,GREEN,
JDJ,6,,060315,,23/4/2026,SIERRA MORENA,MONTES URALES,MONTES ALTAI,,SAN SEBASTIAN,"19.274660,-99.638935",PROFUNDO,0.10,1.16,0.95,1.10,19.274660,-99.638935,PROFUNDO,GREEN,
JDJ,6,,060316,,23/4/2026,SIERRA MORENA,MONTES URALES,MONTES ALTAI,,SAN SEBASTIAN,"19.274565,-99.638962",PROFUNDO,0.10,1.40,1.30,1.82,19.274565,-99.638962,PROFUNDO,GREEN,
JDJ,6,,060317,,23/4/2026,SIERRA MORENA,MONTES URALES,MONTES ALTAI,,SAN SEBASTIAN,"19.274473,-99.638890",PROFUNDO,0.10,1.56,1.16,1.81,19.274473,-99.638890,PROFUNDO,GREEN,
JDJ,6,,060318,,23/4/2026,SIERRA MORENA,MONTES URALES,MONTES ALTAI,,SAN SEBASTIAN,"19.274503,-99.638897",PROFUNDO,0.10,1.19,1.01,1.20,19.274503,-99.638897,PROFUNDO,GREEN,
JDJ,6,,060319,,23/4/2026,SIERRA MORENA,MONTES URALES,MONTES ALTAI,,SAN SEBASTIAN,"19.274501,-99.638889",PROFUNDO,0.10,1.29,1.24,1.60,19.274501,-99.638889,PROFUNDO,GREEN,
JDJ,6,,060320,,23/4/2026,SIERRA MORENA,MONTES URALES,MONTES ALTAI,,SAN SEBASTIAN,"19.274314,-99.638934",PROFUNDO,0.10,1.70,1.19,2.02,19.274314,-99.638934,PROFUNDO,GREEN,
JDJ,6,,060321,,23/4/2026,SIERRA MORENA,MONTES URALES,MONTES ALTAI,,SAN SEBASTIAN,"19.274263,-99.638954",PROFUNDO,0.10,2.29,0.81,1.85,19.274263,-99.638954,PROFUNDO,GREEN,
JDJ,6,,060322,,23/4/2026,SIERRA MORENA,MONTES URALES,MONTES ALTAI,,SAN SEBASTIAN,"19.274190,-99.638947",PROFUNDO,0.10,1.45,0.72,1.04,19.274190,-99.638947,PROFUNDO,GREEN,
JDJ,6,,060323,,23/4/2026,SIERRA MORENA,MONTES URALES,MONTES ALTAI,,SAN SEBASTIAN,"19.274619,-99.638389",PROFUNDO,0.10,1.28,0.77,0.99,19.274619,-99.638389,PROFUNDO,GREEN,
JDJ,6,,060324,,23/4/2026,SIERRA MORENA,MONTES URALES,MONTES ALTAI,,SAN SEBASTIAN,"19.274577,-99.638388",PROFUNDO,0.10,2.13,0.95,2.02,19.274577,-99.638388,PROFUNDO,GREEN,
JDJ,6,,060325,,23/4/2026,PRESA COBANO,PRESA FALCON,PRESA DEL INFIERNILLO,,SAN SEBASTIAN,"19.274546,-99.638378",PROFUNDO,0.10,1.48,1.36,2.01,19.274546,-99.638378,PROFUNDO,GREEN,
JDJ,6,,060326,,23/4/2026,PRESA COBANO,PRESA FALCON,PRESA DEL INFIERNILLO,,SAN SEBASTIAN,"19.277219,-99.636349",PROFUNDO,0.10,1.69,1.30,2.20,19.277219,-99.636349,PROFUNDO,GREEN,
JDJ,6,,060327,,23/4/2026,PRESA COBANO,PRESA FALCON,PRESA DEL INFIERNILLO,,SAN SEBASTIAN,"19.277167,-99.636286",PROFUNDO,0.10,1.04,1.06,1.10,19.277167,-99.636286,PROFUNDO,GREEN,
JDJ,6,,060328,,23/4/2026,PRESA COBANO,PRESA FALCON,PRESA DEL INFIERNILLO,,SAN SEBASTIAN,"19.277013,-99.636107",PROFUNDO,0.10,0.96,0.92,0.88,19.277013,-99.636107,PROFUNDO,GREEN,
JDJ,6,,060329,,23/4/2026,PRESA COBANO,PRESA FALCON,PRESA DEL INFIERNILLO,,SAN SEBASTIAN,"19.277003,-99.636098",PROFUNDO,0.10,1.70,1.75,2.98,19.277003,-99.636098,PROFUNDO,GREEN,
JDJ,6,,060330,,23/4/2026,PRESA COBANO,PRESA FALCON,PRESA DEL INFIERNILLO,,SAN SEBASTIAN,"19.276648,-99.635726",PROFUNDO,0.10,1.70,1.75,2.98,19.276648,-99.635726,PROFUNDO,GREEN,
JDJ,6,,060331,,23/4/2026,PRESA COBANO,PRESA FALCON,PRESA DEL INFIERNILLO,,SAN SEBASTIAN,"19.276634,-99.635712",PROFUNDO,0.10,1.45,1.55,2.25,19.276634,-99.635712,PROFUNDO,GREEN,
JDJ,6,,060332,,23/4/2026,PRESA COBANO,PRESA FALCON,PRESA DEL INFIERNILLO,,SAN SEBASTIAN,"19.276571,-99.635791",PROFUNDO,0.10,1.00,1.00,1.00,19.276571,-99.635791,PROFUNDO,GREEN,
JDJ,6,,060333,,23/4/2026,PRESA COBANO,PRESA FALCON,PRESA DEL INFIERNILLO,,SAN SEBASTIAN,"19.276547,-99.635817",PROFUNDO,0.10,0.90,0.70,0.63,19.276547,-99.635817,PROFUNDO,GREEN,
JDJ,6,,060334,,23/4/2026,PRESA COBANO,PRESA FALCON,PRESA DEL INFIERNILLO,,SAN SEBASTIAN,"19.276487,-99.635879",PROFUNDO,0.10,2.10,1.70,3.57,19.276487,-99.635879,PROFUNDO,GREEN,
JDJ,6,,060335,,23/4/2026,PRESA COBANO,PRESA FALCON,PRESA DEL INFIERNILLO,,SAN SEBASTIAN,"19.276541,-99.635560",PROFUNDO,0.10,0.96,1.10,1.06,19.276541,-99.635560,PROFUNDO,GREEN,
JDJ,6,,060336,,23/4/2026,PRESA COBANO,PRESA FALCON,PRESA DEL INFIERNILLO,,SAN SEBASTIAN,"19.276375,-99.635373",PROFUNDO,0.10,1.62,1.30,2.11,19.276375,-99.635373,PROFUNDO,GREEN,
JDJ,6,,060337,,24/4/2026,PRESA COBANO,PRESA FALCON,FRANCISCO OLAGUIBEL,,SAN SEBASTIAN,"19.276507,-99.635002",PROFUNDO,0.10,2.37,1.46,3.46,19.276507,-99.635002,PROFUNDO,GREEN,
JDJ,6,,060338,,24/4/2026,PRESA COBANO,PRESA FALCON,FRANCISCO OLAGUIBEL,,SAN SEBASTIAN,"19.276523,-99.634978",PROFUNDO,0.10,1.53,1.25,1.91,19.276523,-99.634978,PROFUNDO,GREEN,
JDJ,6,,060339,,24/4/2026,PRESA COBANO,PRESA FALCON,FRANCISCO OLAGUIBEL,,SAN SEBASTIAN,"19.276557,-99.634945",PROFUNDO,0.07,1.45,2.07,3.00,19.276557,-99.634945,SUPERFICIAL,GREEN,
JDJ,6,,060340,,24/4/2026,PRESA COBANO,PRESA FALCON,FRANCISCO OLAGUIBEL,,SAN SEBASTIAN,"19.276760,-99.634726",SUPERFICIAL,0.07,1.19,1.08,1.29,19.276760,-99.634726,SUPERFICIAL,GREEN,
JDJ,6,,060341,,24/4/2026,PRESA COBANO,PRESA FALCON,FRANCISCO OLAGUIBEL,,SAN SEBASTIAN,"19.276764,-99.634729",SUPERFICIAL,0.07,1.00,0.78,0.78,19.276764,-99.634729,SUPERFICIAL,GREEN,
JDJ,6,,060342,,24/4/2026,PRESA COBANO,PRESA FALCON,FRANCISCO OLAGUIBEL,,SAN SEBASTIAN,"19.276823,-99.634663",SUPERFICIAL,0.07,2.18,1.10,2.40,19.276823,-99.634663,SUPERFICIAL,GREEN,
JDJ,6,,060343,,24/4/2026,PRESA COBANO,PRESA FALCON,FRANCISCO OLAGUIBEL,,SAN SEBASTIAN,"19.276899,-99.634611",SUPERFICIAL,0.07,1.25,1.16,1.45,19.276899,-99.634611,SUPERFICIAL,GREEN,
JDJ,6,,060344,,24/4/2026,PRESA COBANO,PRESA FALCON,FRANCISCO OLAGUIBEL,,SAN SEBASTIAN,"19.277061,-99.634620",SUPERFICIAL,0.07,1.93,1.43,2.76,19.277061,-99.634620,SUPERFICIAL,GREEN,
JDJ,6,,060345,,24/4/2026,PRESA COBANO,PRESA FALCON,FRANCISCO OLAGUIBEL,,SAN SEBASTIAN,"19.277226,-99.634624",SUPERFICIAL,0.07,1.24,1.21,1.50,19.277226,-99.634624,SUPERFICIAL,GREEN,
JDJ,6,,060346,,24/4/2026,PRESA COBANO,PRESA FALCON,FRANCISCO OLAGUIBEL,,SAN SEBASTIAN,"19.277319,-99.634623",SUPERFICIAL,0.07,1.42,1.39,1.97,19.277319,-99.634623,SUPERFICIAL,GREEN,
JDJ,6,,060347,,24/4/2026,PRESA COBANO,PRESA FALCON,FRANCISCO OLAGUIBEL,,SAN SEBASTIAN,"19.277390,-99.634634",SUPERFICIAL,0.07,1.35,1.29,1.74,19.277390,-99.634634,SUPERFICIAL,GREEN,
JDJ,6,,060348,,24/4/2026,PRESA COBANO,PRESA FALCON,FRANCISCO OLAGUIBEL,,SAN SEBASTIAN,"19.277421,-99.634636",SUPERFICIAL,0.07,1.33,1.07,1.42,19.277421,-99.634636,SUPERFICIAL,GREEN,
JDJ,6,,060349,,24/4/2026,PRESA COBANO,PRESA FALCON,FRANCISCO OLAGUIBEL,,SAN SEBASTIAN,"19.276557,-99.634945",SUPERFICIAL,0.07,1.45,2.07,3.00,19.276557,-99.634945,SUPERFICIAL,GREEN,
JDJ,6,,060350,,24/4/2026,PRESA COBANO,PRESA FALCON,FRANCISCO OLAGUIBEL,,SAN SEBASTIAN,"19.276374,-99.635334",SUPERFICIAL,0.07,0.87,0.74,0.64,19.276374,-99.635334,SUPERFICIAL,GREEN,
JDJ,6,,060351,,24/4/2026,PRESA COBANO,PRESA FALCON,FRANCISCO OLAGUIBEL,,SAN SEBASTIAN,"19.276326,-99.635295",PROFUNDO,0.10,1.82,1.16,2.11,19.276326,-99.635295,PROFUNDO,GREEN,
JDJ,6,,060352,,24/4/2026,PRESA FALCON,PRESA COBANO,PRESA DEL INFIERNILLO,,SAN SEBASTIAN,"19.277167,-99.635450",PROFUNDO,0.10,1.71,2.18,3.73,19.277167,-99.635450,PROFUNDO,GREEN,
JDJ,6,,060353,,24/4/2026,PRESA FALCON,PRESA COBANO,PRESA DEL INFIERNILLO,,SAN SEBASTIAN,"19.277179,-99.635452",PROFUNDO,0.10,0.83,0.25,0.21,19.277179,-99.635452,PROFUNDO,GREEN,
JDJ,6,,060354,,24/4/2026,PRESA FALCON,PRESA COBANO,PRESA DEL INFIERNILLO,,SAN SEBASTIAN,"19.277215,-99.635452",PROFUNDO,0.10,3.30,1.81,5.97,19.277215,-99.635452,PROFUNDO,GREEN,
JDJ,6,,060355,,24/4/2026,PRESA FALCON,PRESA COBANO,PRESA DEL INFIERNILLO,,SAN SEBASTIAN,"19.277214,-99.635446",PROFUNDO,0.10,3.30,1.81,5.97,19.277214,-99.635446,PROFUNDO,GREEN,
JDJ,6,,060356,,24/4/2026,PRESA DEL INFIERNILLO,PRESA FALCON,5 DE MAYO 2 OTE,,SAN SEBASTIAN,"19.277263,-99.635849",PROFUNDO,0.10,2.05,0.88,1.80,19.277263,-99.635849,PROFUNDO,GREEN,
JDJ,6,,060357,,24/4/2026,PRESA DEL INFIERNILLO,PRESA FALCON,5 DE MAYO 2 OTE,,SAN SEBASTIAN,"19.277271,-99.635875",PROFUNDO,0.10,1.20,0.90,1.08,19.277271,-99.635875,PROFUNDO,GREEN,
JDJ,6,,060358,,24/4/2026,PRESA DEL INFIERNILLO,PRESA FALCON,5 DE MAYO 2 OTE,,SAN SEBASTIAN,"19.277263,-99.636438",PROFUNDO,0.10,1.67,1.47,2.45,19.277263,-99.636438,PROFUNDO,GREEN,
JDJ,6,,060359,,24/4/2026,PRESA DEL INFIERNILLO,PRESA FALCON,5 DE MAYO 2 OTE,,SAN SEBASTIAN,"19.277261,-99.636447",PROFUNDO,0.10,0.56,1.10,0.62,19.277261,-99.636447,PROFUNDO,GREEN,
JDJ,6,,060360,,24/4/2026,PRESA DEL INFIERNILLO,PRESA FALCON,5 DE MAYO 2 OTE,,SAN SEBASTIAN,"19.277261,-99.636476",PROFUNDO,0.10,1.84,1.45,2.67,19.277261,-99.636476,PROFUNDO,GREEN,
JDJ,6,,060361,,24/4/2026,PRESA DEL INFIERNILLO,PRESA FALCON,5 DE MAYO 2 OTE,,SAN SEBASTIAN,"19.277260,-99.636484",PROFUNDO,0.10,1.26,1.00,1.26,19.277260,-99.636484,PROFUNDO,GREEN,
JDJ,6,,060362,,24/4/2026,PRESA DEL INFIERNILLO,PRESA FALCON,5 DE MAYO 2 OTE,,SAN SEBASTIAN,"19.277259,-99.636516",PROFUNDO,0.10,1.10,0.94,1.03,19.277259,-99.636516,PROFUNDO,GREEN,
JDJ,6,,060363,,24/4/2026,PRESA DEL INFIERNILLO,PRESA FALCON,5 DE MAYO 2 OTE,,SAN SEBASTIAN,"19.277266,-99.636586",PROFUNDO,0.10,2.55,1.78,4.54,19.277266,-99.636586,PROFUNDO,GREEN,
JDJ,6,,060364,,24/4/2026,PRESA DEL INFIERNILLO,PRESA FALCON,5 DE MAYO 2 OTE,,SAN SEBASTIAN,"19.277266,-99.636599",PROFUNDO,0.10,1.05,1.03,1.08,19.277266,-99.636599,PROFUNDO,GREEN,
JDJ,6,,060365,,24/4/2026,PRESA DEL INFIERNILLO,PRESA FALCON,5 DE MAYO 2 OTE,,SAN SEBASTIAN,"19.277266,-99.636612",PROFUNDO,0.10,1.23,1.75,2.15,19.277266,-99.636612,PROFUNDO,GREEN,
JDJ,6,,060366,,24/4/2026,PRESA DEL INFIERNILLO,PRESA FALCON,5 DE MAYO 2 OTE,,SAN SEBASTIAN,"19.277267,-99.636628",PROFUNDO,0.10,1.09,1.85,2.02,19.277267,-99.636628,PROFUNDO,GREEN,
JDJ,6,,060367,,24/4/2026,PRESA DEL INFIERNILLO,PRESA FALCON,5 DE MAYO 2 OTE,,SAN SEBASTIAN,"19.277268,-99.636639",PROFUNDO,0.10,1.45,0.79,1.15,19.277268,-99.636639,PROFUNDO,GREEN,
JDJ,6,,060368,,24/4/2026,PRESA DEL INFIERNILLO,PRESA FALCON,5 DE MAYO 2 OTE,,SAN SEBASTIAN,"19.277265,-99.636653",PROFUNDO,0.10,2.67,0.64,1.71,19.277265,-99.636653,PROFUNDO,GREEN,
JDJ,6,,060369,,24/4/2026,PRESA DEL INFIERNILLO,PRESA FALCON,5 DE MAYO 2 OTE,,SAN SEBASTIAN,"19.277264,-99.636666",PROFUNDO,0.10,1.43,0.74,1.06,19.277264,-99.636666,PROFUNDO,GREEN,
JDJ,6,,060370,,24/4/2026,PRESA COBANO,PRESA FALCON,FRANCISCO OLAGUIBEL,,SAN SEBASTIAN,"19.277263,-99.634662",PROFUNDO,0.10,2.05,1.16,2.38,19.277263,-99.634662,PROFUNDO,GREEN,
JDJ,6,,060371,,24/4/2026,PRESA COBANO,PRESA FALCON,FRANCISCO OLAGUIBEL,,SAN SEBASTIAN,"19.277275,-99.634663",PROFUNDO,0.10,0.20,0.60,0.12,19.277275,-99.634663,PROFUNDO,GREEN,
JDJ,6,,060372,,24/4/2026,FRANCISCO OLAGUIBEL,JOAQUIN FERNANDEZ DE LIZARDI,URAWA,,SAN SEBASTIAN,"19.277708,-99.635108",PROFUNDO,0.10,1.72,0.79,1.36,19.277708,-99.635108,PROFUNDO,GREEN,
JDJ,6,,060373,,24/4/2026,FRANCISCO OLAGUIBEL,JOAQUIN FERNANDEZ DE LIZARDI,URAWA,,SAN SEBASTIAN,"19.277708,-99.635119",SUPERFICIAL,0.07,0.84,1.60,1.34,19.277708,-99.635119,SUPERFICIAL,GREEN,
JDJ,6,,060374,,24/4/2026,FRANCISCO OLAGUIBEL,JOAQUIN FERNANDEZ DE LIZARDI,URAWA,,SAN SEBASTIAN,"19.277712,-99.635172",SUPERFICIAL,0.07,1.09,0.81,0.88,19.277712,-99.635172,SUPERFICIAL,GREEN,
JDJ,6,,060375,,24/4/2026,FRANCISCO OLAGUIBEL,JOAQUIN FERNANDEZ DE LIZARDI,URAWA,,SAN SEBASTIAN,"19.277702,-99.635224",SUPERFICIAL,0.07,1.46,1.68,2.45,19.277702,-99.635224,SUPERFICIAL,GREEN,
JDJ,6,,060376,,24/4/2026,FRANCISCO OLAGUIBEL,JOAQUIN FERNANDEZ DE LIZARDI,URAWA,,SAN SEBASTIAN,"19.277702,-99.635224",SUPERFICIAL,0.07,2.58,1.96,5.06,19.277702,-99.635224,SUPERFICIAL,GREEN,
JDJ,6,,060377,,24/4/2026,FRANCISCO OLAGUIBEL,JOAQUIN FERNANDEZ DE LIZARDI,URAWA,,SAN SEBASTIAN,"19.277703,-99.635387",PROFUNDO,0.10,1.17,1.00,1.17,19.277703,-99.635387,PROFUNDO,GREEN,
JDJ,6,,060378,,24/4/2026,FRANCISCO OLAGUIBEL,JOAQUIN FERNANDEZ DE LIZARDI,URAWA,,SAN SEBASTIAN,"19.277715,-99.635504",PROFUNDO,0.10,0.89,0.92,0.82,19.277715,-99.635504,PROFUNDO,GREEN,
JDJ,6,,060379,,24/4/2026,FRANCISCO OLAGUIBEL,JOAQUIN FERNANDEZ DE LIZARDI,URAWA,,SAN SEBASTIAN,"19.277708,-99.635588",PROFUNDO,0.10,1.00,0.72,0.72,19.277708,-99.635588,PROFUNDO,GREEN,
JDJ,6,,060380,,24/4/2026,FRANCISCO OLAGUIBEL,JOAQUIN FERNANDEZ DE LIZARDI,URAWA,,SAN SEBASTIAN,"19.277752,-99.635845",PROFUNDO,0.10,1.60,1.10,1.76,19.277752,-99.635845,PROFUNDO,GREEN,
JDJ,6,,060381,,24/4/2026,FRANCISCO OLAGUIBEL,JOAQUIN FERNANDEZ DE LIZARDI,URAWA,,SAN SEBASTIAN,"19.277739,-99.635843",PROFUNDO,0.10,2.30,1.56,3.59,19.277739,-99.635843,PROFUNDO,GREEN,
JDJ,6,,060382,,24/4/2026,FRANCISCO OLAGUIBEL,JOAQUIN FERNANDEZ DE LIZARDI,URAWA,,SAN SEBASTIAN,"19.277698,-99.635839",PROFUNDO,0.10,3.27,1.40,4.58,19.277698,-99.635839,PROFUNDO,GREEN,
JDJ,6,,060383,,24/4/2026,FRANCISCO OLAGUIBEL,JOAQUIN FERNANDEZ DE LIZARDI,URAWA,,SAN SEBASTIAN,"19.277696,-99.635850",PROFUNDO,0.10,2.19,0.94,2.06,19.277696,-99.635850,PROFUNDO,GREEN,
JDJ,6,,060384,,24/4/2026,FRANCISCO OLAGUIBEL,JOAQUIN FERNANDEZ DE LIZARDI,URAWA,,SAN SEBASTIAN,"19.277695,-99.635859",PROFUNDO,0.10,1.18,1.10,1.30,19.277695,-99.635859,PROFUNDO,GREEN,